id,title,description,price_cents,diet_type,sugar,calories,fat,protein,fiber,carbohydrates,sodium,allergen_name
0,شاورما الدجاج,شرائح دجاج مشوية مع الثوم وصلصة الطحينة وخبز بيتا,28000,balanced,4.0,894.0,37.0,63.0,8.0,76.0,690.0,Gluten
1,مسخن,دجاج مع خبز طابون، بصل، وزيت الزيتون,35000,balanced,6.0,1221.0,42.0,84.0,9.0,126.0,1249.0,Gluten
2,حمص بطحينة,حمص مهروس مع طحينة، زيت زيتون، وليمون,12000,vegan,10.0,917.0,61.0,27.0,19.0,70.0,75.0,Sesame
3,مقلوبة الباذنجان,أرز مع باذنجان مقلي ولحم ضأن,42000,balanced,11.0,1194.0,75.0,60.0,11.0,70.0,179.0,Gluten
4,سلطة يونانية,خيار، طماطم، بصل، زيتون، وجبنة فيتا,22000,vegetarian,14.0,654.0,57.0,17.0,4.0,22.0,1496.0,Dairy
5,كباب حلة,لحم ضأن مشوي مع بهارات خاصة,48000,low_carb,0.0,999.0,72.0,67.0,5.0,22.0,214.0,Gluten
6,فاصوليا بيضاء بالزيت والليمون,فاصوليا بيضاء مع زيت زيتون وليمون,15000,vegan,1.0,572.0,31.0,19.0,13.0,57.0,22.0,Eggs
7,مشاوي مشكلة,تشكيلة من اللحوم المشوية مع خضار,55000,balanced,7.0,1061.0,70.0,90.0,4.0,18.0,254.0,Gluten
8,بابا غنوج,باذنجان مشوي مع طحينة وليمون,18000,vegetarian,7.0,510.0,41.0,11.0,10.0,29.0,72.0,Sesame
9,شيش طاووق,قطع دجاج مشوية مع بهارات,32000,balanced,0.0,594.0,27.0,67.0,5.0,22.0,182.0,Gluten
10,سلطة خضار مشوية,خضار مشوية مع زيت زيتون وخل بلسمي,25000,vegetarian,13.0,358.0,30.0,4.0,5.0,20.0,25.0,
11,يخنة عدس,عدس بني مع بصل وجزر,18000,vegan,13.0,555.0,21.0,24.0,26.0,76.0,108.0,
12,سمك مشوي,سمك قاروص مشوي مع زيت وليمون,45000,balanced,0.0,438.0,23.0,51.0,2.0,9.0,252.0,Fish
13,مجبوس دجاج,أرز بالزعفران مع دجاج,38000,balanced,0.0,767.0,27.0,70.0,6.0,59.0,181.0,Gluten
14,سلطة كينوا,كينوا مع خضار وليمون,28000,vegetarian,6.0,366.0,18.0,10.0,6.0,44.0,38.0,
15,لحم بعجين,لحم مفروم مع بصل على عجين,35000,balanced,6.0,1218.0,61.0,68.0,8.0,99.0,984.0,Gluten
16,متبل بندورة,بندورة مشوية مع ثوم وزيت زيتون,15000,vegetarian,7.0,268.0,19.0,7.0,5.0,25.0,49.0,
17,كوسا محشي,كوسا محشية بالأرز واللحم,32000,balanced,5.0,602.0,39.0,32.0,5.0,31.0,105.0,
18,فتة حمص,حمص مع خبز مقلي ولبن,22000,vegetarian,11.0,762.0,23.0,35.0,16.0,107.0,614.0,Gluten
19,شيش برك,عجينة محشية باللحم مع لبن,30000,balanced,5.0,1237.0,61.0,77.0,6.0,94.0,1016.0,Gluten
20,سلطة جرجير,جرجير مع رمان وجبنة,20000,vegetarian,18.0,402.0,27.0,13.0,6.0,31.0,611.0,Dairy
21,دولمة ورق عنب نباتي,أوراق عنب محشية بالأرز والخضار,25000,vegan,7.0,510.0,19.0,10.0,6.0,77.0,43.0,
22,كبة نية,كبة نيئة مع برغل ولحم,40000,balanced,2.0,924.0,60.0,59.0,10.0,39.0,186.0,Gluten
23,شوربة عدس,شوربة عدس بني مع بهارات وزيت زيتون,15000,vegan,4.0,443.0,19.0,22.0,18.0,52.0,32.0,Gluten
24,سلطة تبولة,برغل مع بقدونس ونعناع وطماطم,18000,vegetarian,5.0,449.0,30.0,9.0,11.0,39.0,43.0,Gluten
25,مسقعة الباذنجان,باذنجان مشوي مع طماطم وثوم,22000,vegetarian,10.0,378.0,30.0,5.0,8.0,26.0,14.0,
26,كشري,أرز مع عدس ومكرونة وبصل مقلي,20000,vegan,6.0,540.0,18.0,17.0,13.0,78.0,33.0,Gluten
27,محشي ورق عنب,أوراق عنب محشية بالأرز والخلطة,30000,vegetarian,87.0,1202.0,20.0,30.0,38.0,233.0,112.0,Gluten
28,مكدوس الباذنجان,باذنجان محشي بالفلفل الحار والجوز,25000,vegetarian,40.0,693.0,42.0,21.0,37.0,75.0,24.0,Tree Nuts
29,شوربة خضار,خضار مشكلة مع مرق دجاج,16000,balanced,10.0,259.0,16.0,8.0,9.0,26.0,138.0,Dairy
30,سلطة سيزر,خس مع كروتونات وجبنة بارميزان,24000,low_carb,6.0,293.0,25.0,8.0,1.0,8.0,589.0,Dairy
31,ستيك لحم,ستيك لحم ضأن مشوي مع خضار,55000,low_carb,7.0,1205.0,93.0,77.0,4.0,13.0,288.0,Dairy
32,سلمون مشوي,سلمون مشوي مع صلصة ليمون,48000,balanced,0.0,379.0,20.0,48.0,0.0,1.0,220.0,Fish
33,برجر نباتي,برجر مصنوع من الفاصوليا والخضار,28000,vegetarian,9.0,734.0,17.0,29.0,19.0,118.0,557.0,Gluten
34,بيتزا نباتية,عجينة بيتزا مع خضار مشكلة,32000,vegetarian,6.0,685.0,42.0,14.0,8.0,68.0,1281.0,Gluten
35,ساندويش فلافل,فلافل مع خضار وطحينة,18000,vegan,7.0,276.0,18.0,7.0,8.0,27.0,129.0,Sesame
36,شوربة كريمة بروكلي,بروكلي مع كريمة وحليب,22000,vegetarian,5.0,449.0,30.0,9.0,11.0,39.0,43.0,Dairy
37,سلطة كول سلو,كرنب وجزر مع مايونيز,15000,vegetarian,12.0,744.0,49.0,14.0,13.0,69.0,118.0,Dairy
38,محشي كوسا باللحم,كوسا محشية بالأرز واللحم المفروم,35000,balanced,8.0,979.0,72.0,57.0,8.0,27.0,170.0,Gluten
39,مقلوبة لحم,أرز مع لحم ضأن وخضار,45000,balanced,8.0,1046.0,58.0,57.0,6.0,71.0,152.0,Gluten
40,مسحب دجاج,دجاج مشوي مع صلصة طماطم,38000,balanced,3.0,702.0,29.0,97.0,3.0,11.0,252.0,Gluten
41,شوربة لسان عصفور,شوربة لسان عصفور مع مرق دجاج,18000,balanced,0.0,263.0,15.0,3.0,0.0,28.0,1.0,Gluten
42,سلطة الذرة,ذرة مع فلفل أحمر وبصل,16000,vegetarian,19.0,356.0,17.0,8.0,7.0,48.0,36.0,
43,مشبك لحم,لحم ضأن مع بهارات مشكلة,50000,low_carb,0.0,882.0,63.0,75.0,0.0,0.0,216.0,Dairy
44,سوبيا,حلو سوري تقليدي,12000,vegetarian,7.0,975.0,17.0,31.0,11.0,174.0,1693.0,Dairy
45,بقلاوة,حلو تركي تقليدي,15000,vegetarian,87.0,1202.0,20.0,30.0,38.0,233.0,112.0,Gluten
46,كنافة,حلو عربي تقليدي,18000,vegetarian,6.0,511.0,16.0,22.0,17.0,69.0,21.0,Gluten
47,أرز بالحليب,حلو أرز مع حليب وقرفة,10000,vegetarian,9.0,232.0,16.0,5.0,6.0,22.0,27.0,Dairy
48,مهلبية,حلو مصنوع من نشا الحليب,12000,vegetarian,11.0,242.0,17.0,6.0,8.0,24.0,56.0,Dairy
49,قطايف,حلو رمضاني تقليدي,20000,vegetarian,9.0,232.0,16.0,5.0,6.0,22.0,27.0,Gluten
50,معمول,حلو عيد تقليدي,15000,vegetarian,19.0,356.0,17.0,8.0,7.0,48.0,36.0,Gluten
51,زلابية,حلو مقلي مع عسل,12000,vegetarian,12.0,744.0,49.0,14.0,13.0,69.0,118.0,Gluten
52,لقيمات,حلو إماراتي تقليدي,15000,vegetarian,87.0,1202.0,20.0,30.0,38.0,233.0,112.0,Gluten
53,منسف لحم,لحم ضأن مع لبن وجريش وخبز شراك,52000,balanced,8.0,1669.0,69.0,119.0,11.0,142.0,1390.0,Gluten
54,شكشوكة,بيض مع طماطم وفلفل وبصل,18000,vegetarian,12.0,1127.0,32.0,30.0,12.0,179.0,1622.0,Eggs
55,مخلل مشكل,خضار مخللة متنوعة,12000,vegan,9.0,78.0,0.0,3.0,3.0,18.0,11.0,
56,كبدة مشوية,كبدة ضأن مع بهارات وخضار,28000,low_carb,4.0,964.0,70.0,66.0,4.0,16.0,209.0,
57,سلطة الفتوش,خضار مع خبز مقرمش وسومق,19000,vegetarian,7.0,579.0,31.0,12.0,5.0,66.0,571.0,Gluten
58,مشاوي سمك,تشكيلة من الأسماك المشوية,45000,balanced,4.0,410.0,22.0,42.0,4.0,13.0,209.0,Shellfish
59,مسحب لحم,لحم ضأن مع صلصة طماطم,42000,balanced,4.0,1098.0,81.0,79.0,4.0,13.0,249.0,
60,شوربة شعيرية,شوربة شعيرية مع مرق دجاج,15000,balanced,16.0,481.0,5.0,56.0,2.0,53.0,206.0,Gluten
61,سلطة الرمان,جرجير مع رمان وجوز,22000,vegetarian,15.0,544.0,42.0,16.0,12.0,36.0,43.0,Nuts
62,كستناء محمصة,كستناء محمصة مع ملح,15000,vegan,9.0,1158.0,100.0,42.0,24.0,44.0,2.0,Nuts
63,سندويش كبدة,كبدة مشوية مع خضار وخبز,22000,balanced,4.0,1015.0,58.0,60.0,5.0,61.0,684.0,Gluten
64,مشبك دجاج,دجاج مع بهارات مشكلة,35000,low_carb,0.0,684.0,29.0,96.0,2.0,7.0,247.0,
65,سلطة الذرة والحمص,ذرة مع حمص وخضار,20000,vegetarian,17.0,517.0,21.0,18.0,15.0,70.0,34.0,
66,مقلوبة دجاج,أرز مع دجاج وخضار,38000,balanced,0.0,495.0,11.0,93.0,0.0,0.0,222.0,Gluten
67,شوربة عدس أحمر,شوربة عدس أحمر مع بهارات,16000,vegan,4.0,421.0,19.0,21.0,18.0,47.0,29.0,
68,سلطة البطاطا,بطاطا مسلوقة مع مايونيز,17000,vegetarian,5.0,300.0,15.0,4.0,4.0,37.0,15.0,Dairy
69,محشي باذنجان,باذنجان محشي بالأرز واللحم,32000,balanced,14.0,645.0,25.0,36.0,15.0,73.0,107.0,Gluten
70,شوربة فطر,شوربة فطر مع كريمة,22000,vegetarian,6.0,236.0,16.0,16.0,2.0,11.0,46.0,Dairy
71,سلطة الجبنة البيضاء,جبنة بيضاء مع خضار,21000,vegetarian,11.0,563.0,47.0,23.0,1.0,14.0,1681.0,Dairy
72,مشاوي نباتية,خضار مشوي مع بهارات,25000,vegetarian,14.0,375.0,30.0,6.0,9.0,23.0,13.0,
73,شوربة لوبيا,شوربة لوبيا مع بهارات,17000,vegan,4.0,419.0,19.0,19.0,17.0,47.0,35.0,
74,سلطة الكرنب,كرنب مع جزر وليمون,15000,vegetarian,11.0,228.0,15.0,4.0,8.0,23.0,105.0,
75,مجبوس سمك,أرز بالزعفران مع سمك,42000,balanced,0.0,558.0,9.0,56.0,3.0,63.0,247.0,Fish
76,شوربة خضار بالشعيرية,خضار مع شعيرية ومرق,18000,vegetarian,7.0,316.0,15.0,6.0,4.0,39.0,13.0,Gluten
77,سلطة الباذنجان المشوي,باذنجان مشوي مع طماطم,19000,vegetarian,13.0,214.0,15.0,3.0,7.0,19.0,12.0,
78,مشاوي كفتة,كفتة لحم مع بهارات,38000,low_carb,0.0,1071.0,81.0,78.0,2.0,7.0,241.0,
79,شوربة طماطم,شوربة طماطم مع كريمة,16000,vegetarian,11.0,246.0,16.0,13.0,4.0,16.0,51.0,Dairy
80,سلطة الجرجير والمانجو,جرجير مع مانجو وجوز,23000,vegetarian,15.0,544.0,42.0,16.0,12.0,36.0,43.0,Nuts
81,مشاوي جمبري,جمبري مشوي مع بهارات,48000,balanced,13.0,309.0,18.0,6.0,7.0,34.0,37.0,Shellfish
82,شوربة كراث,شوربة كراث مع بطاطا,17000,vegetarian,1.0,272.0,15.0,4.0,8.0,31.0,110.0,Gluten
83,سلطة الكينوا بالرمان,كينوا مع رمان وجوز وخضار ورقية، صلصة ليمون وزيت زيتون,27000,vegetarian,15.0,847.0,60.0,22.0,16.0,67.0,40.0,Tree Nuts
84,شوربة خضار بالشوفان,شوربة خضار مع حبوب الشوفان الكاملة لزيادة الألياف,18000,vegan,9.0,475.0,21.0,16.0,14.0,60.0,131.0,
85,مسقعة الباذنجان النباتية,باذنجان مشوي مع طماطم وثوم وزيت زيتون بدون لحم,22000,vegan,11.0,443.0,33.0,8.0,11.0,35.0,42.0,
86,شيش طاووق بالزبادي,دجاج مشوي متبل بزبادي اليوناني والبهارات,32000,low_carb,3.0,631.0,27.0,76.0,5.0,21.0,215.0,
87,محمصة الخضار بالكركم,خضار مشكلة محمصة مع الكركم وزيت الزيتون,23000,vegan,10.0,276.0,17.0,6.0,11.0,29.0,45.0,
88,سلطة التبولة بالبرغل الأسمر,تبولة تقليدية مع برغل أسمر وبقدونس ونعناع,19000,vegetarian,3.0,429.0,30.0,8.0,10.0,35.0,41.0,
89,يخنة الفاصوليا الخضراء باللحم قليل الدسم,فاصوليا خضراء مع لحم بقري قليل الدهن وطماطم,35000,balanced,10.0,515.0,29.0,41.0,8.0,25.0,141.0,
90,شوربة العدس الأحمر بالزنجبيل,عدس أحمر مع زنجبيل طازج وبهارات دافئة,17000,vegan,4.0,486.0,21.0,22.0,21.0,60.0,37.0,
91,سمك السلمون المشوي بالبهارات العربية,سلمون طازج مشوي مع بهارات عربية وليمون,52000,balanced,0.0,761.0,52.0,59.0,5.0,18.0,179.0,Fish
92,مجبوس الدجاج بالبرغل,برغل مع دجاج مشوي وخضار، بديل صحي للأرز,38000,balanced,0.0,696.0,27.0,71.0,12.0,44.0,187.0,
93,سلطة الجرجير والشمندر,جرجير طازج مع شمندر مسلوق وجبنة فيتا قليلة الدسم,24000,vegetarian,13.0,359.0,26.0,13.0,5.0,21.0,679.0,Dairy
94,شوربة القرع بالكركم,قرع مشوي مع كركم وزنجبيل وحليب جوز الهند,20000,vegan,9.0,480.0,41.0,5.0,6.0,32.0,25.0,Tree Nuts
95,كباب الدجاج بالخضار,قطع دجاج مشوية مع خضار مشوية وبهارات,34000,low_carb,6.0,584.0,25.0,69.0,7.0,20.0,210.0,
96,سلطة الفول الأخضر,فول أخضر مع طماطم وبصل وليمون وزيت زيتون,18000,vegan,8.0,237.0,15.0,6.0,7.0,23.0,19.0,
97,شوربة الشعير بالخضار,شعير كامل مع خضار مشكلة ومرق خضار,19000,vegan,8.0,618.0,20.0,19.0,25.0,98.0,139.0,
98,مسحب السمك بالفرن,سمك قاروص بالفرن مع صلصة طماطم طازجة وأعشاب,45000,balanced,4.0,461.0,23.0,52.0,4.0,14.0,260.0,Fish
99,سلطة الكرنب والجرجير,كرنب وجرجير مع رمان وجوز وصلصة ليمون,21000,vegetarian,11.0,242.0,17.0,6.0,8.0,24.0,56.0,Tree Nuts
100,شوربة الفطر بالشعيرية السمراء,فطر طازج مع شعيرية من القمح الكامل,22000,vegetarian,3.0,406.0,20.0,15.0,9.0,51.0,43.0,
101,دجاج بالكاري والزبادي,دجاج مطهو بزبادي اليوناني وبهارات الكاري,36000,balanced,3.0,612.0,24.0,74.0,11.0,26.0,192.0,
102,سلطة العدس والرمان,عدس مسلوق مع رمان وجوز وخضار ورقية,23000,vegan,17.0,705.0,43.0,29.0,24.0,64.0,33.0,Tree Nuts
103,كوسا محشي بالكينوا,كوسا محشية بالكينوا والخضار بدلاً من الأرز، مع صلصة الطماطم الطازجة,32000,vegetarian,11.0,455.0,21.0,16.0,11.0,55.0,52.0,
104,شوربة الحريرة بالشعير,شوربة مغربية تقليدية مع شعير كامل لزيادة الألياف,19000,vegan,3.0,712.0,22.0,25.0,30.0,111.0,45.0,
105,فتة العدس الأحمر,عدس أحمر مع خبز القمح الكامل المقرمش وزبادي قليل الدسم,25000,vegetarian,6.0,709.0,18.0,37.0,22.0,107.0,48.0,Gluten
106,سمك السردين المشوي بالكركم,سردين طازج مشوي مع كركم وليمون وخضار مشوية,38000,balanced,2.0,744.0,45.0,66.0,6.0,18.0,1301.0,Fish
107,سلطة الجمبري بالبرتقال,جمبري مشوي مع شرائح برتقال، خس، وجوز,42000,low_carb,5.0,665.0,41.0,60.0,10.0,23.0,268.0,Shellfish
108,مسقعة الفطر والعدس,باذنجان وفطر وعدس بني مع صلصة الطماطم والبهارات,28000,vegan,12.0,388.0,18.0,19.0,18.0,44.0,39.0,
109,كبّة البطاطا الحلوة,كبّة مصنوعة من البطاطا الحلوة والبرغل، محشية بالبصل والصنوبر,30000,vegetarian,12.0,744.0,49.0,14.0,13.0,69.0,118.0,
110,سلطة التين والجوز,تين طازج مع جوز، جبنة الماعز، وخضار ورقية,26000,vegetarian,25.0,774.0,61.0,25.0,9.0,37.0,1120.0,Dairy
111,سلطة البرتقال والرمان,برتقال، رمان، خس، ونعناع طازج مع صلصة خفيفة,22000,vegan,15.0,263.0,16.0,4.0,8.0,32.0,40.0,
112,كفتة الدجاج بالشوفان,كفتة دجاج مع شوفان بدلاً من الخبز، مشوية مع الخضار,34000,low_carb,0.0,766.0,30.0,74.0,10.0,50.0,180.0,Gluten
113,لحم بقري مشوي مع الخضار,لحم بقري قليل الدهن مشوي مع خضار مشوية وزيت الزيتون,45000,balanced,6.0,879.0,56.0,72.0,7.0,20.0,237.0,
114,شكشوكة بالسبانخ,بيض مسلوق مع سبانخ، طماطم، وفلفل حلو,20000,vegetarian,7.0,975.0,17.0,31.0,11.0,174.0,1693.0,Eggs
115,عجة الخضار بالشوفان,عجة مصنوعة من بياض البيض، شوفان، وخضار مشكلة,22000,low_carb,5.0,1212.0,23.0,41.0,18.0,212.0,1667.0,Eggs
116,شوربة الفاصوليا البيضاء بالكركم,فاصوليا بيضاء مع كركم، زنجبيل، وزيت الزيتون,18000,vegan,1.0,532.0,21.0,22.0,18.0,70.0,45.0,Eggs
117,حمص بالبنجر,حمص مع شمندر لزيادة القيمة الغذائية، مع زيت الزيتون,20000,vegan,17.0,511.0,20.0,20.0,18.0,66.0,99.0,Dairy
118,كوسا محشي باللحم المفروم قليل الدسم,كوسا محشية بلحم مفروم قليل الدهن وصلصة الطماطم,36000,low_carb,10.0,521.0,29.0,42.0,7.0,23.0,141.0,
119,سلطة الكينوا والدجاج,كينوا مع دجاج مشوي، خضار، وزيت الزيتون,38000,balanced,3.0,651.0,26.0,59.0,9.0,46.0,179.0,
120,سلطة الكينوا والرمان واللوز,كينوا، رمان، لوز، خضار ورقية، وصلصة ليمون,30000,vegetarian,15.0,690.0,44.0,19.0,14.0,63.0,13.0,Tree Nuts
121,شوربة العدس والزنجبيل,عدس بني مع زنجبيل طازج وكركم,19000,vegan,4.0,486.0,21.0,22.0,21.0,60.0,37.0,
122,شوربة الخضار بالزنجبيل,خضار مشكلة مع زنجبيل طازج ومرق خضار,17000,vegan,7.0,276.0,18.0,7.0,8.0,27.0,129.0,
123,شوفان بالتمر واللوز,شوفان كامل مع تمر مفروم ولوز وصوص عسل خفيف,22000,vegetarian,44.0,748.0,22.0,24.0,19.0,122.0,8.0,Tree Nuts
124,عجة البيض بالسبانخ والجبنة البيضاء,بيض مع سبانخ طازج وجبنة فيتا قليلة الدسم,25000,low_carb,5.0,1083.0,27.0,37.0,10.0,171.0,2245.0,Dairy
125,مناقيش الزعتر بالطحين الأسمر,عجينة طحين أسمر مع زعتر وزيت زيتون,18000,vegetarian,2.0,673.0,19.0,22.0,16.0,115.0,6.0,
126,سلطة الفريكة بالخضار,فريكة مع خيار، طماطم، ونعناع طازج,28000,vegan,5.0,326.0,15.0,9.0,12.0,42.0,30.0,
127,سلطة الجبنة البيضاء بالبطيخ,جبنة فيتا قليلة الدسم مع بطيخ ونعناع,30000,vegetarian,21.0,510.0,37.0,18.0,7.0,31.0,1131.0,Dairy
128,سلطة العدس الأسود بالرمان,عدس أسود مع رمان وجوز وصلصة ليمون,26000,vegan,17.0,680.0,42.0,26.0,22.0,60.0,6.0,Tree Nuts
129,شوربة الكرنب والعدس,كرنب وعدس بني مع بهارات دافئة,19000,vegan,6.0,388.0,19.0,18.0,16.0,43.0,46.0,
130,شوربة القرع والجزر بالكركم,قرع وجزر مع كركم وحليب جوز الهند,21000,vegan,12.0,363.0,26.0,6.0,9.0,36.0,92.0,Tree Nuts
131,شوربة الشعير بالدجاج,شعير كامل مع مرق دجاج قليل الدسم,23000,balanced,1.0,791.0,25.0,61.0,19.0,81.0,148.0,
132,مقلوبة الباذنجان النباتية,باذنجان وأرز بني مع خضار مشكلة,32000,vegetarian,11.0,409.0,15.0,7.0,9.0,60.0,10.0,
133,مسقعة الفاصوليا الخضراء,فاصوليا خضراء مع طماطم وثوم,27000,vegan,11.0,267.0,15.0,7.0,8.0,30.0,25.0,
134,كوسا محشية بالبرغل والجوز,كوسا محشية ببرغل وجوز وخضار,29000,vegetarian,9.0,574.0,40.0,18.0,14.0,41.0,17.0,Tree Nuts
135,سمك السلمون بالزعتر والليمون,سلمون مشوي مع زعتر طازج وليمون,48000,low_carb,0.0,667.0,47.0,56.0,1.0,5.0,149.0,Fish
136,جمبري بالثوم والكزبرة,جمبري طازج مع ثوم وكزبرة وزيت زيتون,45000,low_carb,0.0,438.0,16.0,63.0,2.0,12.0,326.0,Shellfish
137,سمك البلطي المشوي بالبهارات,بلطي مشوي مع بهارات عربية وخضار,42000,balanced,0.0,482.0,24.0,54.0,5.0,17.0,161.0,Fish
138,لحم ضأن مشوي مع الخضار,لحم ضأن قليل الدهن مع خضار مشوية,52000,low_carb,6.0,970.0,70.0,67.0,5.0,16.0,211.0,
139,شيش طاووق بصوص الزبادي,مكعبات دجاج مشوية على أسياخ، متبلة بصوص الزبادي والثوم والأعشاب، تقدم مع سلطة الخيار والنعناع.,38000,low_carb,0.0,713.0,28.0,73.0,7.0,40.0,174.0,Gluten
140,ستيك لحم بقري بالخضار,ستيك لحم بقري قليل الدهن مع خضار,55000,balanced,3.0,990.0,64.0,85.0,6.0,17.0,285.0,
141,برغل بالخضار والليمون,برغل كامل مع خضار طازجة وليمون,24000,vegan,2.0,295.0,15.0,8.0,10.0,35.0,41.0,
142,أرز بني بالخضار والزعفران,أرز بني مع خضار وزعفران,26000,vegetarian,2.0,362.0,15.0,7.0,4.0,49.0,35.0,
143,فريكة بالدجاج والخضار,فريكة مع دجاج مشوي وخضار,35000,balanced,2.0,539.0,20.0,54.0,10.0,34.0,152.0,
144,مجلوبة الفول الأخضر,فول أخضر مع طماطم وبصل وليمون,22000,vegan,6.0,217.0,15.0,5.0,6.0,19.0,17.0,
145,حمص بالبقدونس والليمون,حمص مع بقدونس طازج وليمون,20000,vegan,10.0,483.0,20.0,20.0,17.0,58.0,42.0,
146,عدس بالسبانخ والليمون,عدس بني مع سبانخ وليمون,23000,vegan,4.0,392.0,16.0,21.0,18.0,45.0,83.0,
147,مهلبية بالحليب قليل الدسم,مهلبية مصنوعة من حليب قليل الدسم وقليل السكر,15000,vegetarian,16.0,199.0,1.0,21.0,8.0,30.0,79.0,
148,تمر محشي باللوز,تمر طازج محشي بلوز كامل,18000,vegan,317.0,1700.0,27.0,22.0,46.0,386.0,10.0,Tree Nuts
149,سلطة فواكه بالرمان والجوز,فواكه طازجة مع رمان وجوز,22000,vegan,38.0,483.0,26.0,13.0,13.0,58.0,5.0,Tree Nuts
150,سموثي السبانخ والمانجو,سبانخ مع مانجو ولبن زبادي,20000,vegetarian,24.0,172.0,1.0,14.0,4.0,30.0,117.0,Dairy
151,عصير الرمان والزنجبيل,رمان طازج مع زنجبيل,18000,vegan,24.0,178.0,2.0,3.0,8.0,41.0,8.0,
152,شاي أعشاب بالليمون والنعناع,شاي أعشاب مع ليمون ونعناع طازج,12000,vegan,5.0,93.0,1.0,4.0,10.0,25.0,19.0,
153,فتة العدس بالخبز المحمص,طبقة من العدس المطبوخ مع الثوم والكمون، مغطاة بقطع خبز محمصة ومزينة بالبقدونس وزيت الزيتون,22000,vegetarian,6.0,1146.0,36.0,43.0,26.0,170.0,1134.0,Gluten
154,سلطة البرغل بالخضار المشوية,برغل ممزوج بفلفل رومي مشوي، باذنجان، وطماطم مع صلصة ليمون وزيت زيتون,25000,vegetarian,11.0,467.0,30.0,8.0,13.0,44.0,19.0,
155,شوربة الفريكة بالدجاج,شوربة صحية من الفريكة مع قطع دجاج وخضار,28000,balanced,3.0,627.0,24.0,67.0,8.0,35.0,195.0,Gluten
156,محشي البندورة بالأرز واللحم,طماطم محشية بخليط من الأرز واللحم المفروم والبهارات,35000,balanced,10.0,779.0,41.0,50.0,8.0,53.0,164.0,Gluten
157,مسقعة الباميا باللحم,باميا مطهوة مع لحم ضأن وطماطم وبصل,38000,balanced,8.0,979.0,72.0,57.0,8.0,27.0,170.0,
158,سلطة الجرجير بالمانجو والجوز,جرجير طازج مع قطع مانجو وجوز وصلصة خفيفة,27000,vegetarian,25.0,593.0,49.0,12.0,7.0,38.0,34.0,Nuts
159,شيش برك بالسبانخ,عجينة محشية بالسبانخ والليمون والبهارات,30000,vegetarian,5.0,932.0,20.0,41.0,23.0,159.0,161.0,Gluten
160,كباب الحلة النباتي,كرات من الحمص والبرغل مع البهارات المشوية,25000,vegetarian,10.0,621.0,23.0,26.0,23.0,83.0,79.0,Gluten
161,شوربة الخضار بالشوفان,شوربة سميكة من الشوفان مع خضار مشكلة,18000,vegetarian,4.0,641.0,24.0,20.0,16.0,91.0,47.0,Gluten
162,سلطة الفول الأخضر بالليمون,فول أخضر مسلوق مع ثوم وليمون وزيت زيتون,20000,vegetarian,4.0,380.0,30.0,7.0,8.0,25.0,45.0,
163,مجبوس الجمبري,أرز بالزعفران مع جمبري طازج وبهارات,45000,balanced,1.0,596.0,19.0,56.0,4.0,53.0,266.0,Gluten
164,حمص بالشمندر,حمص مهروس ممزوج بالشمندر المشوي لإضافة لون وردي ونكهة حلوة، مع الطحينة، الثوم، وعصير الليمون.,19000,vegetarian,6.0,472.0,18.0,21.0,20.0,62.0,17.0,
165,سلطة الكينوا بالرمان واللوز,كينوا مطبوخة مع رمان ولوز وخضار ورقية,30000,vegetarian,9.0,789.0,59.0,19.0,13.0,55.0,26.0,Nuts
166,مقلوبة القرنبيط,بديل صحي للمقلوبة التقليدية باستخدام القرنبيط بدلاً من الأرز,32000,low_carb,10.0,1294.0,101.0,70.0,15.0,37.0,261.0,
167,شوربة الفطر الكريمية الصحية,شوربة فطر محضرة بحليب قليل الدسم أو حليب جوز الهند، مع الثوم والبصل.,21000,vegetarian,11.0,506.0,41.0,6.0,7.0,39.0,26.0,Tree Nuts
168,كباب الدجاج بالزبادي,دجاج متبل بالزبادي والبهارات المشوية,34000,low_carb,3.0,777.0,29.0,107.0,2.0,19.0,288.0,Dairy
169,تبولة بالبرغل الأسمر,سلطة نباتية منعشة من البرغل الأسمر، البقدونس المفروم، الطماطم، البصل، والنعناع، متبلة بزيت الزيتون وعصير الليمون. غنية بالألياف والفيتامينات.,22000,vegetarian,5.0,868.0,34.0,26.0,23.0,126.0,79.0,Gluten
170,فول بالخضار المشوية,فول مدمس مطبوخ ببطء ومتبل بالكمون والليمون، يزين بالخضار المشوية مثل الباذنجان والفلفل.,28000,vegetarian,14.0,493.0,30.0,16.0,16.0,44.0,19.0,
171,بابا غنوج بالزبيب,باذنجان مشوي ومهروس مع الطحينة، الثوم، والليمون، مزين بالزبيب لإضافة لمسة حلوة.,30000,vegetarian,12.0,932.0,67.0,17.0,15.0,76.0,143.0,Gluten
172,متبل الباذنجان بالجوز,باذنجان مشوي ومهروس مع الطحينة، الثوم، وعصير الليمون، مزين بالجوز المفروم ودبس الرمان.,18000,vegetarian,28.0,200.0,0.0,15.0,5.0,38.0,122.0,Dairy
173,مسخن الدجاج بالخبز البلدي,دجاج مشوي مع خبز بلدي، سماق، وبصل وزيت زيتون,32000,balanced,6.0,1345.0,43.0,113.0,8.0,123.0,1299.0,Gluten
174,شوربة العدس بالكركم والليمون,شوربة عدس غنية بالكركم وعصير الليمون الطازج,18000,vegan,6.0,574.0,33.0,20.0,20.0,55.0,12.0,
175,كباب الحلة باللوز,لحم ضأن مشوي مع لوز محمص وبهارات خاصة,45000,low_carb,2.0,1414.0,108.0,89.0,11.0,28.0,247.0,Nuts
176,سلطة الفريكة بالرمان,فريكة مع حبات الرمان والنعناع الطازج,25000,vegetarian,6.0,449.0,31.0,7.0,11.0,41.0,16.0,
177,مقلوبة الباذنجان باللحم البقري,أرز مع باذنجان مقلي ولحم بقري وبهارات,42000,balanced,7.0,1066.0,63.0,61.0,9.0,61.0,171.0,Gluten
178,شوربة الفطر بالكريمة,شوربة فطر طازج مع كريمة وزعتر,22000,vegetarian,6.0,273.0,16.0,18.0,3.0,20.0,50.0,Dairy
179,سلطة الكينوا بالخضار المشوية,كينوا مع خضار مشوية وصلصة الليمون,28000,vegetarian,7.0,509.0,33.0,10.0,8.0,44.0,31.0,
180,شيش طاووق بالزبادي والثوم,دجاج متبل بالزبادي والثوم المشوي,32000,low_carb,3.0,788.0,29.0,108.0,3.0,21.0,288.0,Dairy
181,مجبوس السمك بالزعفران,أرز بالزعفران مع سمك مشوي وخضار,48000,balanced,3.0,644.0,23.0,56.0,4.0,53.0,252.0,Gluten
182,سلطة الجبنة البيضاء بالزعتر,جبنة بيضاء مع زعتر وزيت زيتون وخبز محمص,23000,vegetarian,8.0,950.0,63.0,31.0,5.0,67.0,2213.0,Gluten
183,شوربة العدس الأحمر بالجزر,شوربة عدس أحمر مع جزر وكركم,17000,vegan,9.0,481.0,18.0,21.0,22.0,65.0,82.0,
184,كبدة مشوية بالليمون,كبدة ضأن مشوية مع عصير الليمون والبهارات,28000,low_carb,1.0,607.0,29.0,63.0,3.0,22.0,174.0,
185,سلطة الكرنب بالليمون,كرنب مفروم مع عصير الليمون وزيت الزيتون,18000,vegan,6.0,337.0,30.0,5.0,7.0,16.0,64.0,
186,مسقعة البطاطا باللحم,بطاطا مع لحم ضأن وطماطم وبصل,38000,balanced,7.0,1144.0,72.0,59.0,9.0,64.0,172.0,
187,شوربة الطماطم بالريحان,شوربة طماطم طازجة مع أوراق الريحان,19000,vegetarian,8.0,223.0,16.0,5.0,6.0,20.0,24.0,
188,سلطة التبولة بالبرغل,برغل مع البقدونس والنعناع والطماطم,20000,vegetarian,4.0,482.0,31.0,11.0,15.0,45.0,84.0,
189,كباب الدجاج بالبهارات,دجاج مشوي بخلطة بهارات خاصة,34000,low_carb,0.0,749.0,31.0,97.0,5.0,20.0,255.0,
190,شوربة الخضار بالشعيرية,شوربة خضار مع شعيرية ومرق دجاج,18000,balanced,4.0,577.0,19.0,17.0,7.0,87.0,62.0,Gluten
191,سلطة الفاصوليا البيضاء,فاصوليا بيضاء مع خل بلسمي وخضار,21000,vegetarian,6.0,441.0,16.0,18.0,14.0,57.0,18.0,Eggs
192,شاي الزنجبيل بالليمون,شاي أعشاب مع زنجبيل طازج وشرائح ليمون,12000,vegan,11.0,70.0,0.0,1.0,1.0,18.0,8.0,
193,مسقعة الباذنجان باللحم المفروم,باذنجان مشوي مع لحم مفروم وطماطم وبصل,38000,balanced,15.0,904.0,61.0,58.0,11.0,31.0,168.0,Gluten
194,شوربة العدس بالشعيرية,شوربة عدس مع شعيرية وخضار,18000,vegan,7.0,621.0,20.0,27.0,21.0,88.0,63.0,Gluten
195,كباب مشوي بالبهارات,لحم ضأن مشوي بخلطة بهارات خاصة,45000,low_carb,0.0,1562.0,119.0,104.0,5.0,20.0,321.0,
196,سلطة الكينوا العربية,الكينوا المطبوخة مخلوطة مع بقدونس، طماطم، بصل، وخيار، مع تتبيلة زيت الزيتون والليمون.,25000,vegetarian,5.0,445.0,30.0,9.0,10.0,39.0,43.0,
197,مقلوبة القرنبيط باللحم,قرنبيط بديل للأرز مع لحم ضأن وخضار,42000,low_carb,9.0,1055.0,78.0,61.0,12.0,36.0,270.0,
198,شوربة كريمة البروكلي,شوربة بروكلي مع كريمة وزعتر,22000,vegetarian,8.0,331.0,16.0,20.0,9.0,33.0,139.0,Dairy
199,سلطة الشمندر والجوز,شرائح شمندر مسلوقة، مع الجرجير، البصل الأحمر، والجوز، مع تتبيلة زيت الزيتون ودبس الرمان.,30000,vegetarian,9.0,793.0,59.0,19.0,13.0,56.0,26.0,Nuts
200,مجبوس الجمبري بالزعفران,أرز بالزعفران مع جمبري طازج وبهارات,48000,balanced,3.0,764.0,20.0,81.0,4.0,68.0,389.0,Gluten
201,سلطة الفتوش بالرمان,سلطة خضار مشكلة من الخيار، الطماطم، الخس، والفجل، مع قطع خبز محمص ورمان، متبلة بزيت الزيتون ودبس الرمان.,23000,vegetarian,10.0,1082.0,73.0,38.0,5.0,69.0,2771.0,Gluten
202,شوربة العدس بالخضروات,شوربة عدس غنية ومغذية مع الجزر، البطاطا، والكرفس، متبلة بالكركم والكمون.,18000,vegan,9.0,539.0,18.0,25.0,26.0,75.0,83.0,
203,مقلوبة الباذنجان والزهرة,طبق أرز مطبوخ مع طبقات من الباذنجان والزهرة المقلية، مع بهارات المقلوبة الشهيرة.,28000,low_carb,1.0,674.0,31.0,73.0,3.0,24.0,199.0,
204,تبولة الشمندر,سلطة تبولة كلاسيكية مع إضافة الشمندر المسلوق والمقطع، مما يمنحها لونًا غنيًا وحلاوة طبيعية.,19000,vegan,8.0,349.0,30.0,5.0,8.0,18.0,73.0,
205,كفتة مشوية بالباذنجان,كرات من لحم الضأن المفروم مع البصل والبقدونس، مشوية مع شرائح الباذنجان والطماطم.,38000,balanced,8.0,1330.0,82.0,72.0,10.0,73.0,211.0,
206,شوربة فطر بالكريمة قليلة الدسم,حساء دافئ وكريمي مصنوع من الفطر الطازج، الثوم، والبصل، مع كريمة قليلة الدسم لتقليل السعرات الحرارية.,19000,vegetarian,9.0,232.0,16.0,5.0,6.0,22.0,27.0,
207,شوربة الفطر والبصل,حساء صحي من الفطر والبصل، مطبوخ في مرق الخضار ومزين بالبقدونس الطازج.,21000,vegetarian,4.0,503.0,31.0,11.0,16.0,50.0,85.0,
208,مغربية بالدجاج,طبق من الكسكس المغربي المطبوخ مع قطع الدجاج، الجزر، والقرع.,19000,balanced,4.0,577.0,19.0,17.0,7.0,87.0,62.0,Gluten
209,سلطة الجرجير بالرمان والجوز,سلطة بسيطة لكنها غنية بالفوائد، من أوراق الجرجير، بذور الرمان، والجوز، مع تتبيلة زيت الزيتون والليمون.,22000,vegetarian,6.0,511.0,16.0,22.0,17.0,69.0,21.0,Eggs
210,مجدّرة الأرز الأسمر,طبق نباتي من الأرز الأسمر والعدس البني، مزين بالبصل المقلي المقرمش.,18000,vegan,13.0,555.0,21.0,24.0,26.0,76.0,108.0,
211,سمك مشوي بالثوم والليمون,سمك فيليه مشوي ومتبل بالثوم، الكزبرة، وعصير الليمون، يقدم مع الأرز البني.,52000,balanced,8.0,979.0,72.0,57.0,8.0,27.0,170.0,Fish
212,شاورما الدجاج بالخبز الأسمر,شرائح دجاج مشوية مع الثوم وصلصة الطحينة، تقدم في خبز بيتا من القمح الكامل.,34000,low_carb,3.0,788.0,29.0,108.0,3.0,21.0,288.0,
213,مقلوبة القرنبيط بالدجاج,قرنبيط بديل للأرز مع دجاج وخضار مشوية,38000,low_carb,0.0,882.0,63.0,75.0,0.0,0.0,216.0,
214,سلطة الكينوا مع الخيار والطماطم,سلطة بسيطة من الكينوا المطبوخة، مع الخيار والطماطم المفرومة، متبلة بزيت الزيتون والنعناع.,24000,vegetarian,12.0,744.0,49.0,14.0,13.0,69.0,118.0,Dairy
215,شوربة الفطر الكريمية الصحية,شوربة فطر محضرة بحليب قليل الدسم أو حليب جوز الهند، مع الثوم والبصل.,20000,vegan,17.0,705.0,43.0,29.0,24.0,64.0,33.0,Tree Nuts
216,محشي ورق عنب بالخضروات,ورق عنب محشو بالأرز، البصل، والبقدونس، مطبوخ بزيت الزيتون وعصير الليمون.,30000,vegetarian,4.0,482.0,31.0,11.0,15.0,45.0,84.0,
217,يخنة الفطر والبصل,فطر طازج مطبوخ مع البصل في مرق خضار، يقدم مع الأرز الأسمر.,26000,vegetarian,11.0,467.0,30.0,8.0,13.0,44.0,19.0,Dairy
218,قوزي الدجاج الصحي,دجاج مشوي محشو بالأرز الأسمر والمكسرات، طبق عراقي تقليدي صحي.,34000,low_carb,0.0,713.0,28.0,73.0,7.0,40.0,174.0,Gluten
219,شوربة الفريكة بالخضار,فريكة مع خضار مشكلة ومرق خضار,22000,vegan,13.0,555.0,21.0,24.0,26.0,76.0,108.0,
220,مسخن الدجاج بالخبز الأسمر,دجاج مشوي مع خبز قمح كامل، سماق، وبصل وزيت زيتون,32000,balanced,4.0,894.0,37.0,63.0,8.0,76.0,690.0,Gluten
221,سلطة البرغل بالرمان,برغل مع رمان وجوز وصلصة ليمون,25000,vegetarian,15.0,544.0,42.0,16.0,12.0,36.0,43.0,Tree Nuts
222,سلطة الفتوش مع الجبن,سلطة فتوش كلاسيكية مع إضافة مكعبات من الجبن قليل الدسم، مثل الفيتا.,19000,vegan,8.0,618.0,20.0,19.0,25.0,98.0,139.0,
223,متبل الشمندر والجوز,باذنجان مشوي ومهروس مع الشمندر المسلوق، الطحينة، والجوز المفروم.,48000,balanced,4.0,1098.0,81.0,79.0,4.0,13.0,249.0,Shellfish
224,فلافل بالخضار الطازجة,أقراص فلافل مخبوزة بالفرن بدلاً من القلي، تقدم في خبز بيتا من القمح الكامل مع الخس، الطماطم، والطحينة.,20000,vegan,317.0,1700.0,27.0,22.0,46.0,386.0,10.0,
225,شوربة العدس والكركم,عدس بني مع كركم وكمون وزيت زيتون,17000,vegan,15.0,263.0,16.0,4.0,8.0,32.0,40.0,
226,دجاج بالكاري والكزبرة,دجاج مطهو ببهارات الكاري والكزبرة الطازجة,36000,balanced,3.0,990.0,64.0,85.0,6.0,17.0,285.0,
227,سلطة الزهرة المشوية بالطحينة,زهرة (قرنبيط) مشوية بالفرن، تقدم مع صلصة طحينة، بقدونس، وصنوبر محمص.,23000,vegan,7.0,276.0,18.0,7.0,8.0,27.0,129.0,Tree Nuts
228,سلطة تبولة الكينوا,تبولة صحية ولذيذة، مصنوعة من الكينوا بدلاً من البرغل، مع البقدونس المفروم، الطماطم، والبصل.,32000,vegetarian,5.0,868.0,34.0,26.0,23.0,126.0,79.0,
229,يخني الكوسا بالنعناع,يخنة كوسا مطبوخة بمرق اللحم مع الثوم والكزبرة والنعناع المجفف، تقدم مع خبز القمح الكامل.,22000,vegetarian,19.0,356.0,17.0,8.0,7.0,48.0,36.0,
230,عدس بحامض بالبطاطا,شوربة عدس أصفر مطبوخة مع مكعبات بطاطا، ثوم، وكزبرة، متبلة بالليمون.,25000,vegetarian,3.0,429.0,30.0,8.0,10.0,35.0,41.0,Gluten
231,صيادية السمك,سمك فيليه مطبوخ مع الأرز البني والبصل المقلي، متبل بالكمون والكركم.,38000,balanced,3.0,651.0,26.0,59.0,9.0,46.0,179.0,Fish
232,سلطة تبولة الكينوا,تبولة صحية ولذيذة، مصنوعة من الكينوا بدلاً من البرغل، مع البقدونس المفروم، الطماطم، والبصل.,42000,low_carb,6.0,584.0,25.0,69.0,7.0,20.0,210.0,Shellfish
233,سلطة الجرجير بالرمان والجوز,سلطة بسيطة لكنها غنية بالفوائد، من أوراق الجرجير، بذور الرمان، والجوز، مع تتبيلة زيت الزيتون والليمون.,18000,vegetarian,40.0,693.0,42.0,21.0,37.0,75.0,24.0,
234,سلطة الفريكة بالخضار المشوية,فريكة مع فلفل رومي مشوي، باذنجان، وطماطم,25000,vegetarian,1.0,272.0,15.0,4.0,8.0,31.0,110.0,
235,شوربة الحريرة المغربية,شوربة غنية ومغذية من الحمص، العدس، الطماطم، والكرفس، متبلة بالبهارات الدافئة.,25000,vegetarian,11.0,246.0,16.0,13.0,4.0,16.0,51.0,
236,بامية باللحم الخالي من الدهون,بامية مطبوخة مع قطع لحم بقري قليل الدهن في صلصة طماطم وثوم.,18000,vegan,4.0,443.0,19.0,22.0,18.0,52.0,32.0,Eggs
237,فتة المكدوس,طبق من الباذنجان المحشو بالجوز، فوق خبز محمص ولبن زبادي، مزين بالصنوبر والزيتون.,20000,vegan,13.0,555.0,21.0,24.0,26.0,76.0,108.0,Dairy
238,حمص باللحمة المفرومة,حمص بطحينة يعلوه لحم مفروم قليل الدهن مطبوخ مع البصل والصنوبر.,36000,low_carb,9.0,1055.0,78.0,61.0,12.0,36.0,270.0,
239,مندي الدجاج الصحي,دجاج متبل ببهارات المندي ومشوي بالفرن، يقدم مع أرز المندي المطبوخ بمرق الدجاج.,38000,balanced,4.0,577.0,19.0,17.0,7.0,87.0,62.0,
240,سلطة الفاصوليا البيضاء,فاصوليا بيضاء مسلوقة مع البصل، البقدونس، والزيتون، متبلة بزيت الزيتون والليمون.,30000,vegetarian,15.0,690.0,44.0,19.0,14.0,63.0,13.0,Tree Nuts
241,فول بالطحينة والليمون,فول مدمس مهروس مع الطحينة، الثوم، وعصير الليمون، طبق إفطار صحي.,19000,vegan,11.0,443.0,33.0,8.0,11.0,35.0,42.0,
242,يخنة الفطر والبصل,فطر طازج مطبوخ مع البصل في مرق خضار، يقدم مع الأرز الأسمر.,17000,vegan,9.0,539.0,18.0,25.0,26.0,75.0,83.0,
243,خبز الصاج بالزعتر والزيتون,خبز الصاج من القمح الكامل، مغطى بالزعتر وزيت الزيتون، مع شرائح الزيتون الأسود.,22000,vegetarian,14.0,654.0,57.0,17.0,4.0,22.0,1496.0,Tree Nuts
244,كبة اليقطين,كبة مصنوعة من اليقطين المهروس والبرغل، محشوة بالبصل والجوز.,25000,low_carb,0.0,1071.0,81.0,78.0,2.0,7.0,241.0,Dairy
245,مقلوبة الفطر والزهرة,أرز مطبوخ مع الفطر والزهرة، مع بهارات المقلوبة الشهيرة.,18000,vegetarian,3.0,429.0,30.0,8.0,10.0,35.0,41.0,
246,سلطة الفتوش مع الجبن,سلطة فتوش كلاسيكية مع إضافة مكعبات من الجبن قليل الدسم، مثل الفيتا.,28000,vegan,4.0,443.0,19.0,22.0,18.0,52.0,32.0,
247,تبولة الشمندر بالنعناع الطازج,سلطة تبولة كلاسيكية مع إضافة الشمندر المسلوق، مما يمنحها لونًا غنيًا وحلاوة طبيعية، ومزينة بالنعناع الطازج.,30000,vegetarian,5.0,300.0,15.0,4.0,4.0,37.0,15.0,Dairy
248,مجدرة البرغل الأسمر,طبق نباتي من البرغل الأسمر والعدس، مزين بالبصل المقلي.,26000,vegan,6.0,337.0,30.0,5.0,7.0,16.0,64.0,Tree Nuts
249,بصارة,فول مدمس مهروس مع الثوم والكزبرة، يزين بالبصل المقلي والزيت.,19000,vegan,5.0,93.0,1.0,4.0,10.0,25.0,19.0,
250,كبة باللبن المخبوزة,كبة لحم وبرغل مخبوزة بدلاً من القلي، مطبوخة في صلصة لبن زبادي مع الثوم.,21000,vegan,8.0,237.0,15.0,6.0,7.0,23.0,19.0,Tree Nuts
251,فتة الملوخية,طبق من الملوخية المطبوخة، فوقها خبز محمص وشرائح دجاج مشوية.,23000,balanced,3.0,644.0,23.0,56.0,4.0,53.0,252.0,
252,شوربة الفطر والبصل,حساء صحي من الفطر والبصل، مطبوخ في مرق الخضار ومزين بالبقدونس الطازج.,32000,vegetarian,6.0,366.0,18.0,10.0,6.0,44.0,38.0,
253,كبة اليقطين النباتية,كبة مصنوعة من اليقطين المهروس والبرغل، محشوة بالبصل والجوز.,27000,vegan,8.0,237.0,15.0,6.0,7.0,23.0,19.0,
254,سلطة الفاصوليا البيضاء بالنعناع,فاصوليا بيضاء مسلوقة مع البصل، البقدونس، والزيتون، متبلة بزيت الزيتون والليمون مع إضافة النعناع.,29000,vegetarian,11.0,242.0,17.0,6.0,8.0,24.0,56.0,Tree Nuts
255,صينية سمك بالخضار,سمك فيليه مطبوخ بالفرن مع البطاطا، الجزر، والبصل، مع صلصة طماطم وبهارات.,48000,low_carb,3.0,631.0,27.0,76.0,5.0,21.0,215.0,Fish
256,كبة اليقطين النباتية,كبة مصنوعة من اليقطين المهروس والبرغل، محشوة بالبصل والجوز.,45000,low_carb,0.0,1071.0,81.0,78.0,2.0,7.0,241.0,Shellfish
257,سمك بالفرن بالليمون والأعشاب,سمك فيليه بالفرن مع شرائح الليمون، الثوم، وإكليل الجبل.,42000,balanced,0.0,482.0,24.0,54.0,5.0,17.0,161.0,Fish
258,مرقة باميا بالفريكة,يخنة بامية وقطع لحم مطبوخة في صلصة طماطم غنية، تقدم مع حبوب الفريكة.,52000,low_carb,3.0,953.0,32.0,139.0,3.0,21.0,362.0,
259,سلطة الكينوا مع الخيار والطماطم,سلطة بسيطة من الكينوا المطبوخة، مع الخيار والطماطم المفرومة، متبلة بزيت الزيتون والنعناع.,24000,vegan,5.0,326.0,15.0,9.0,12.0,42.0,30.0,
260,محشي ورق عنب بالخضار,ورق عنب محشو بالأرز، البصل، والبقدونس، مطبوخ بزيت الزيتون وعصير الليمون.,26000,vegetarian,9.0,789.0,59.0,19.0,13.0,55.0,26.0,
261,شوربة الدجاج بالخضار,شوربة دجاج دافئة وغنية بالخضار مثل الجزر والكوسا والبطاطا.,35000,balanced,4.0,577.0,19.0,17.0,7.0,87.0,62.0,
262,فول بالليمون والزيت,فول مدمس مهروس، متبل بالثوم وعصير الليمون، مع رشة من زيت الزيتون البكر الممتاز.,22000,vegan,6.0,217.0,15.0,5.0,6.0,19.0,17.0,
263,مجدّرة الفريكة,طبق من حبوب الفريكة والعدس البني، مزين بالبصل المكرمل المقرمش.,20000,vegan,7.0,276.0,18.0,7.0,8.0,27.0,129.0,
264,فريكة بالمكسرات والخضار,حبوب فريكة مطبوخة مع الخضار المشكلة، مثل الفلفل الملون والجزر، مزينة بالمكسرات المحمصة.,23000,vegan,9.0,1158.0,100.0,42.0,24.0,44.0,2.0,
265,متبل الشمندر والجوز,باذنجان مشوي ومهروس مع الشمندر المسلوق، الطحينة، والجوز المفروم.,15000,vegetarian,5.0,932.0,20.0,41.0,23.0,159.0,161.0,
266,مسقعة الكوسا بالزبادي,كوسا مقلية أو مشوية مطبوخة في صلصة زبادي بالنعناع والثوم.,18000,vegan,15.0,263.0,16.0,4.0,8.0,32.0,40.0,Tree Nuts
267,سلطة الكينوا العربية,الكينوا المطبوخة مخلوطة مع بقدونس، طماطم، بصل، وخيار، مع تتبيلة زيت الزيتون والليمون.,22000,vegan,1.0,572.0,31.0,19.0,13.0,57.0,22.0,Tree Nuts
268,متبل الباذنجان بالجوز,باذنجان مشوي ومهروس مع الطحينة، الثوم، وعصير الليمون، مزين بالجوز المفروم ودبس الرمان.,20000,vegetarian,11.0,409.0,15.0,7.0,9.0,60.0,10.0,Dairy
269,مقلوبة الباذنجان والزهرة,طبق أرز مطبوخ مع طبقات من الباذنجان والزهرة المقلية، مع بهارات المقلوبة الشهيرة.,18000,vegan,1.0,572.0,31.0,19.0,13.0,57.0,22.0,
270,قرنبيط باللحمة والصنوبر,قرنبيط مقلي أو مشوي مع لحم مفروم قليل الدهن وصنوبر محمص.,12000,vegan,6.0,217.0,15.0,5.0,6.0,19.0,17.0,
271,عدس بحامض بالكزبرة,شوربة عدس أصفر مطبوخة مع الكزبرة الخضراء، الثوم، والليمون.,22000,vegetarian,10.0,1082.0,73.0,38.0,5.0,69.0,2771.0,Gluten
272,بامية مع الطماطم الطازجة,بامية طازجة مطبوخة بصلصة طماطم، ثوم، وكزبرة، خالية من اللحوم.,30000,vegetarian,10.0,378.0,30.0,5.0,8.0,26.0,14.0,
273,سلطة العدس البني بالخضار,سلطة غنية بالبروتين من العدس البني المسلوق، مع الخيار، الطماطم، والبصل، متبلة بالخل البلسمي.,18000,vegan,11.0,267.0,15.0,7.0,8.0,30.0,25.0,
274,كوسا باللبن والكزبرة,كوسا محشوة بالأرز واللحم المفروم، مطبوخة بصوص لبن زبادي وثوم.,45000,low_carb,3.0,631.0,27.0,76.0,5.0,21.0,215.0,Tree Nuts
275,سلطة الشمندر والجوز,شرائح شمندر مسلوقة، مع الجرجير، البصل الأحمر، والجوز، مع تتبيلة زيت الزيتون ودبس الرمان.,25000,vegetarian,8.0,950.0,63.0,31.0,5.0,67.0,2213.0,
276,كفتة بالطحينة الصحية,كرات لحم مفروم قليلة الدهن مخبوزة بالفرن، مطبوخة في صلصة طحينة وليمون.,42000,balanced,3.0,990.0,64.0,85.0,6.0,17.0,285.0,
277,يخني الفاصوليا الخضراء,يخنة فاصوليا خضراء وقطع لحم قليل الدهن، مطبوخة بصلصة طماطم.,22000,vegetarian,10.0,621.0,23.0,26.0,23.0,83.0,79.0,Dairy
278,كبة بالصينية بالخضار,كبة مخبوزة في صينية مع طبقات من الخضار الملونة.,28000,vegetarian,24.0,172.0,1.0,14.0,4.0,30.0,117.0,
279,قدرة الدجاج الصحية,طبق فلسطيني من الأرز المطبوخ مع قطع الدجاج، والحمص، والبهارات، مع لمسة صحية بطهيه بكمية أقل من الزيت.,32000,low_carb,9.0,1055.0,78.0,61.0,12.0,36.0,270.0,
280,سمك مشوي بالثوم والأعشاب,سمك فيليه مشوي بالفرن، متبل بالثوم، الكزبرة، والشبت.,48000,balanced,0.0,438.0,23.0,51.0,2.0,9.0,252.0,Fish
281,سلطة البرغل بالخضار,سلطة منعشة من البرغل المنقوع، مع الطماطم، الخيار، والبصل، متبلة بزيت الزيتون.,23000,vegetarian,5.0,445.0,30.0,9.0,10.0,39.0,43.0,Dairy
282,حمص بالبصل الأخضر,حمص مهروس مع الطحينة، الثوم، والليمون، مزين بالبصل الأخضر المفروم.,18000,vegan,1.0,572.0,31.0,19.0,13.0,57.0,22.0,
283,كبة البطاطا المقلية,كبة مصنوعة من البطاطا المهروسة بدلاً من البرغل، محشوة باللحم المفروم والبصل.,28000,low_carb,0.0,999.0,72.0,67.0,5.0,22.0,214.0,
284,محشي ورق عنب بالخضار,ورق عنب محشو بالأرز، البصل، والبقدونس، مطبوخ بزيت الزيتون وعصير الليمون.,19000,vegan,15.0,263.0,16.0,4.0,8.0,32.0,40.0,
285,مسقعة الكوسا بالفرن,كوسا مقلية بالفرن مع لحم مفروم ولبن زبادي، مزينة بالصنوبر.,38000,balanced,8.0,1330.0,82.0,72.0,10.0,73.0,211.0,
286,مغلي,طبق حلويات من الأرز، القرفة، والكراوية، يزين بالمكسرات.,19000,vegetarian,17.0,517.0,21.0,18.0,15.0,70.0,34.0,
287,كبة بالصينية بالخضار,كبة مخبوزة في صينية مع طبقات من الخضار الملونة.,21000,vegetarian,19.0,356.0,17.0,8.0,7.0,48.0,36.0,
288,كبة لبنية بالدجاج,كبة مخبوزة محشوة بالدجاج المفروم، مطبوخة في صلصة لبن زبادي قليلة الدسم.,35000,low_carb,10.0,1294.0,101.0,70.0,15.0,37.0,261.0,
289,سلطة البرغل بالخضار,سلطة منعشة من البرغل المنقوع، مع الطماطم، الخيار، والبصل، متبلة بزيت الزيتون.,19000,balanced,0.0,558.0,9.0,56.0,3.0,63.0,247.0,
290,فطائر السبانخ الصحية,عجينة بالقمح الكامل محشوة بالسبانخ الطازجة، البصل، ودبس الرمان.,22000,vegetarian,12.0,744.0,49.0,14.0,13.0,69.0,118.0,Eggs
291,كوسا بالفرن باللحمة,كوسا محفورة ومحشوة بلحم مفروم قليل الدهن، مطبوخة في الفرن بصلصة طماطم خفيفة.,12000,vegan,9.0,475.0,21.0,16.0,14.0,60.0,131.0,
292,منسف الأرز الأسمر,النسخة الصحية من المنسف الأردني، حيث يُستخدم الأرز الأسمر ويُطهى لحم الضأن بكمية أقل من الدهون.,30000,vegetarian,9.0,793.0,59.0,19.0,13.0,56.0,26.0,Tree Nuts
293,يخنة البازلاء والجزر باللحمة,يخنة غنية من البازلاء والجزر مع مكعبات لحم بقري قليل الدهن، مطبوخة بمرق اللحم والكزبرة.,32000,low_carb,0.0,914.0,34.0,128.0,5.0,20.0,329.0,
294,صيادية الدجاج,طبق أرز أسمر مطبوخ مع قطع دجاج، بصل مقلي، وكمون، يقدم مع سلطة جانبية.,21000,vegetarian,9.0,232.0,16.0,5.0,6.0,22.0,27.0,Tree Nuts
295,مقلوبة الدجاج بالزهرة,طبق أرز مع الزهرة المقلية أو المشوية، مع قطع الدجاج، مطبوخة مع بهارات المقلوبة.,34000,low_carb,3.0,788.0,29.0,108.0,3.0,21.0,288.0,
296,يخنة السبانخ باللحم,يخنة سبانخ وقطع لحم بقري قليلة الدهن، مطبوخة في صلصة طماطم خفيفة.,22000,vegetarian,7.0,509.0,33.0,10.0,8.0,44.0,31.0,
297,كبة البطاطا الحلوة,كبة مصنوعة من البطاطا الحلوة المهروسة، محشوة بالعدس أو الفطر.,28000,vegetarian,15.0,544.0,42.0,16.0,12.0,36.0,43.0,
298,مفروكة الفستق الحلبي,طبق حلويات صحي من السميد المحمص ومسحوق الفستق الحلبي، يقدم مع القليل من العسل.,18000,vegetarian,11.0,762.0,23.0,35.0,16.0,107.0,614.0,Dairy
299,شوربة العدس بالشعير,عدس مع شعير كامل وبهارات,19000,vegan,17.0,705.0,43.0,29.0,24.0,64.0,33.0,
300,سلطة الفول الأخضر بالبقدونس,فول أخضر مع بقدونس وليمون,20000,vegan,2.0,295.0,15.0,8.0,10.0,35.0,41.0,
301,عصيدة التمر الصحية,طبق حلو من دقيق القمح الكامل والتمر المهروس، غني بالألياف والطاقة.,21000,vegan,17.0,680.0,42.0,26.0,22.0,60.0,6.0,
302,شوربة العدس الأحمر بالخضار,شوربة عدس أحمر سريعة التحضير، مع الجزر، الكرفس، والبصل.,32000,vegetarian,14.0,375.0,30.0,6.0,9.0,23.0,13.0,
303,منزلة الزهرة باللحم,زهرة مقلية أو مشوية مطبوخة مع لحم مفروم قليل الدهن، في صلصة طماطم وبهارات.,27000,vegan,4.0,392.0,16.0,21.0,18.0,45.0,83.0,
304,أرز باللحم المفروم والبازلاء,أرز مطبوخ مع لحم مفروم قليل الدهن والبازلاء، يزين باللوز المحمص.,29000,vegetarian,12.0,932.0,67.0,17.0,15.0,76.0,143.0,Tree Nuts
305,سمك مشوي بالخضار,شرائح سمك مشوية مع فلفل ملون، بصل، وطماطم.,48000,low_carb,5.0,665.0,41.0,60.0,10.0,23.0,268.0,Fish
306,سلطة الحمص المتبلة,حمص حب، متبل بالبقدونس، الطماطم، البصل، والكمون.,45000,low_carb,0.0,667.0,47.0,56.0,1.0,5.0,149.0,Shellfish
307,سمك مشوي بالطحينة,سمك فيليه مشوي ومغطى بصلصة طحينة وليمون، مع رشة من البقدونس.,42000,balanced,8.0,979.0,72.0,57.0,8.0,27.0,170.0,Fish
308,سلطة البرغل بالرمان واللوز,برغل كامل مع رمان طازج ولوز محمص وصلصة ليمون خفيفة,26000,vegetarian,5.0,932.0,20.0,41.0,23.0,159.0,161.0,Tree Nuts
309,حراق أصبعو,طبق من العدس، المعكرونة، وقطع الخبز المحمص، متبل بالثوم، الكزبرة، ودبس الرمان.,18000,vegan,11.0,443.0,33.0,8.0,11.0,35.0,42.0,
310,سمك السلمون بالزعتر العربي,سلمون طازج مشوي مع زعتر بلدي وليمون,52000,balanced,0.0,263.0,15.0,3.0,0.0,28.0,1.0,Fish
311,كباب الدجاج بالزبادي والليمون,دجاج مشوي متبل بزبادي اليوناني وليمون,34000,low_carb,6.0,970.0,70.0,67.0,5.0,16.0,211.0,
312,كفتة الدجاج المشوية,كرات كفتة من الدجاج المفروم مع البصل والبقدونس، مشوية على الفحم أو في الفرن.,38000,low_carb,0.0,1562.0,119.0,104.0,5.0,20.0,321.0,
313,سلطة الجرجير والشمندر والجوز,جرجير طازج مع شمندر مسلوق وجوز محمص,24000,vegetarian,15.0,847.0,60.0,22.0,16.0,67.0,40.0,Tree Nuts
314,شوربة القرع بالزنجبيل,قرع عضوي مع زنجبيل طازج وحليب جوز الهند,20000,vegan,4.0,419.0,19.0,19.0,17.0,47.0,35.0,Tree Nuts
315,شوربة الفول الأخضر,شوربة من الفول الأخضر الطازج، مطبوخة مع الثوم والليمون والكزبرة.,28000,vegan,2.0,295.0,15.0,8.0,10.0,35.0,41.0,
316,كبّة البرغل والبطاطا الحلوة,كبّة صحية من البرغل والبطاطا الحلوة,30000,vegetarian,2.0,362.0,15.0,7.0,4.0,49.0,35.0,
317,سلطة التين الطازج والجوز,تين طازج مع جوز محلي وجبنة الماعز قليلة الدسم,26000,vegetarian,11.0,246.0,16.0,13.0,4.0,16.0,51.0,Dairy
318,مكمورة,طبق فلسطيني من طبقات العجين بالقمح الكامل والدجاج المقطع، مع البصل وزيت الزيتون.,34000,low_carb,0.0,667.0,47.0,56.0,1.0,5.0,149.0,Gluten
319,مرقة كوسا باللبن,مرقة كوسا محضرة بلبن قليل الدسم، مع قطع من اللحم، والثوم، والكزبرة.,22000,vegan,4.0,419.0,19.0,19.0,17.0,47.0,35.0,
320,شوربة الدجاج بالفطر,شوربة دجاج مع الفطر الطازج، والجزر، والكرفس، مطبوخة بمرق الدجاج.,32000,balanced,1.0,791.0,25.0,61.0,19.0,81.0,148.0,Gluten
321,سلطة البرغل بالرمان والنعناع,برغل كامل مع رمان ونعناع طازج,25000,vegetarian,11.0,246.0,16.0,13.0,4.0,16.0,51.0,
322,صينية كفتة بالبطاطا,كرات كفتة مشوية مع شرائح بطاطا، مطبوخة في الفرن بصلصة طماطم.,19000,vegan,3.0,712.0,22.0,25.0,30.0,111.0,45.0,
323,صينية اللحم بالعجين بالسبانخ,عجينة رقيقة من القمح الكامل محشوة بالسبانخ الطازجة والبصل.,48000,balanced,4.0,410.0,22.0,42.0,4.0,13.0,209.0,Shellfish
324,مجدرة الفول الأخضر,طبق من البرغل والفول الأخضر، مزين بالبصل المقلي.,20000,vegan,12.0,388.0,18.0,19.0,18.0,44.0,39.0,
325,فول بالزيت والليمون,طبق إفطار عربي تقليدي من الفول المدمس، متبل بالثوم، الليمون، والكمون، ومزين بزيت الزيتون البكر.,17000,vegan,6.0,540.0,18.0,17.0,13.0,78.0,33.0,
326,دجاج بالكاري والكزبرة الطازجة,دجاج مطهو ببهارات الكاري والكزبرة الطازجة,36000,balanced,6.0,1345.0,43.0,113.0,8.0,123.0,1299.0,
327,سلطة العدس والرمان واللوز,عدس مسلوق مع رمان ولوز وخضار ورقية,23000,vegan,2.0,295.0,15.0,8.0,10.0,35.0,41.0,Tree Nuts
328,كوسا محشي بالكينوا والخضار,كوسا عضوية محشية بالكينوا والخضار,32000,vegetarian,40.0,693.0,42.0,21.0,37.0,75.0,24.0,
329,مغلي بالزعتر والمكسرات,طبق حلويات مغلي تقليدي، مزين بالزعتر البري والمكسرات النيئة.,22000,vegetarian,5.0,445.0,30.0,9.0,10.0,39.0,43.0,
330,فتة العدس الأحمر بالخبز المحمص,عدس أحمر مع خبز قمح كامل محمص,25000,vegetarian,9.0,574.0,40.0,18.0,14.0,41.0,17.0,Gluten
331,صيادية السمك,طبق لبناني شهير من الأرز البني المطبوخ مع السمك الأبيض، ومزين بالبصل المقلي المقرمش.,38000,balanced,1.0,791.0,25.0,61.0,19.0,81.0,148.0,Fish
332,سلطة الجمبري والبرتقال,جمبري مشوي مع شرائح برتقال طازج,42000,low_carb,6.0,293.0,25.0,8.0,1.0,8.0,589.0,Shellfish
333,قوزي لحم صحي,لحم ضأن مطبوخ ببطء مع الأرز الأسمر والمكسرات، بكمية أقل من الدهون.,18000,vegetarian,4.0,641.0,24.0,20.0,16.0,91.0,47.0,
334,فتة الملوخية باللحم,طبق من الملوخية المطبوخة، يعلوه خبز محمص وقطع لحم ضأن مطبوخ.,25000,vegetarian,10.0,1082.0,73.0,38.0,5.0,69.0,2771.0,
335,محشي كوسا باللبن,كوسا محفورة ومحشوة بلحم مفروم قليل الدهن وأرز، ومطبوخة في صلصة لبن زبادي بالنعناع والثوم.,25000,vegetarian,25.0,774.0,61.0,25.0,9.0,37.0,1120.0,
336,صينية دجاج بالخضار,دجاج كامل أو مقطع مطبوخ بالفرن مع البطاطا، الجزر، والكوسا.,18000,vegan,4.0,392.0,16.0,21.0,18.0,45.0,83.0,Eggs
337,حمص بالبنجر والليمون,حمص عضوي مع شمندر مسلوق وليمون,20000,vegan,9.0,475.0,21.0,16.0,14.0,60.0,131.0,Dairy
338,كوسا محشي باللحم قليل الدسم,كوسا محشية بلحم بقري قليل الدهن,36000,low_carb,0.0,914.0,34.0,128.0,5.0,20.0,329.0,
339,سلطة الكينوا والدجاج المشوي,كينوا عضوية مع دجاج مشوي وخضار,38000,balanced,3.0,644.0,23.0,56.0,4.0,53.0,252.0,
340,فطائر الزعتر بالجبن,فطائر من عجينة القمح الكامل محشوة بالزعتر والجبن قليل الدسم.,30000,vegetarian,7.0,579.0,31.0,12.0,5.0,66.0,571.0,Tree Nuts
341,مجدّرة الفول الأخضر,طبق من البرغل والفول الأخضر، مزين بالبصل المقلي.,19000,vegan,5.0,326.0,15.0,9.0,12.0,42.0,30.0,
342,مقلوبة الزهرة والدجاج,طبق أرز مطبوخ مع الزهرة المقلية أو المشوية، وقطع الدجاج، مع بهارات المقلوبة الشهيرة.,17000,vegan,24.0,178.0,2.0,3.0,8.0,41.0,8.0,
343,قلاية بندورة باللحم,طماطم مقطعة ومطبوخة مع قطع لحم بقري قليل الدهن، ثوم، وفلفل حار.,22000,vegetarian,12.0,744.0,49.0,14.0,13.0,69.0,118.0,Tree Nuts
344,عجة البيض بالسبانخ والجبنة,بيض عضوي مع سبانخ وجبنة قليلة الدسم,25000,low_carb,0.0,1562.0,119.0,104.0,5.0,20.0,321.0,Dairy
345,شوربة الدجاج بالكريمة,حساء دافئ من قطع الدجاج الصغيرة، والكريمة قليلة الدسم، مع رشة من البهارات.,18000,vegetarian,4.0,380.0,30.0,7.0,8.0,25.0,45.0,
346,سلطة الفريكة بالخضار الطازجة,فريكة مع خضار طازجة ونعناع,28000,vegan,10.0,917.0,61.0,27.0,19.0,70.0,75.0,
347,مجدرة البرغل الخشن,طبق من البرغل الخشن والعدس، مزين بالبصل المقلي.,30000,vegetarian,4.0,482.0,31.0,11.0,15.0,45.0,84.0,Dairy
348,بصارة بالفول الأخضر,فول أخضر مهروس ومطبوخ مع الثوم والكزبرة، يزين بالبصل المقلي.,26000,vegan,4.0,486.0,21.0,22.0,21.0,60.0,37.0,Tree Nuts
349,شوربة عدس بالشعرية,شوربة عدس تقليدية مع إضافة القليل من الشعرية الكاملة.,19000,vegan,9.0,78.0,0.0,3.0,3.0,18.0,11.0,
350,فتة المكدوس بالفرن,باذنجان محشو باللحم والجوز، مغطى بصلصة لبن بالثوم ومخبوز بالفرن.,21000,vegan,5.0,93.0,1.0,4.0,10.0,25.0,19.0,
351,صينية سبانخ بالدجاج,سبانخ مطبوخة مع قطع دجاج وبصل، مع رشة من الفلفل الأسود والكمون.,23000,balanced,5.0,1237.0,61.0,77.0,6.0,94.0,1016.0,
352,يخنة الكوسا والزهرة باللحم,يخنة من الكوسا والزهرة مع قطع لحم قليل الدهن.,32000,vegetarian,11.0,409.0,15.0,7.0,9.0,60.0,10.0,
353,كفتة بالصينية بالخضار,كرات كفتة مشوية أو مخبوزة مع تشكيلة من الخضار الملونة مثل الفلفل والبصل.,27000,vegan,6.0,337.0,30.0,5.0,7.0,16.0,64.0,
354,قدرة خليلية صحية,طبق فلسطيني تقليدي من الأرز، الحمص، وقطع الدجاج، مطبوخ بالبهارات في وعاء فخاري مع تقليل كمية الدهون.,29000,vegetarian,4.0,641.0,24.0,20.0,16.0,91.0,47.0,Tree Nuts
355,صينية سمك بالخضار,سمك فيليه مطبوخ بالفرن مع البطاطا، الجزر، والبصل، مع صلصة طماطم وبهارات.,48000,low_carb,0.0,667.0,47.0,56.0,1.0,5.0,149.0,Fish
356,كبة لبنية بالدجاج,كبة مخبوزة بدلاً من المقلية، محشوة بالدجاج المفروم والصنوبر، ومطبوخة في صلصة لبن زبادي قليلة الدسم.,45000,low_carb,0.0,684.0,29.0,96.0,2.0,7.0,247.0,Shellfish
357,سمك مشوي بالطحينة,سمك فيليه مشوي ومغطى بصلصة طحينة وليمون، مع رشة من البقدونس.,42000,balanced,6.0,1345.0,43.0,113.0,8.0,123.0,1299.0,Fish
358,يخنة البازلاء والجزر باللحمة,يخنة غنية ومغذية من البازلاء والجزر، مع مكعبات لحم بقري قليل الدهن، مطبوخة بمرق الطماطم.,52000,low_carb,4.0,964.0,70.0,66.0,4.0,16.0,209.0,
359,شيش طاووق بصوص الزبادي,أسياخ دجاج متبلة بالزبادي والبهارات، مشوية على الفحم أو في الفرن، وتقدم مع سلطة الخيار والنعناع.,24000,vegan,7.0,276.0,18.0,7.0,8.0,27.0,129.0,
360,فول بالزيت والليمون,طبق إفطار عربي تقليدي من الفول المدمس، متبل بالثوم، الليمون، والكمون، ومزين بزيت الزيتون البكر.,26000,vegetarian,9.0,734.0,17.0,29.0,19.0,118.0,557.0,
361,مقلوبة الزهرة والدجاج,طبق أرز مطبوخ مع الزهرة المقلية أو المشوية، وقطع الدجاج، مع بهارات المقلوبة الشهيرة.,35000,balanced,3.0,702.0,29.0,97.0,3.0,11.0,252.0,
362,مجدّرة الفريكة,طبق من حبوب الفريكة والعدس البني، يزين بالبصل المكرمل المقرمش.,22000,vegan,10.0,483.0,20.0,20.0,17.0,58.0,42.0,
363,شوربة العدس الأحمر بالخضار,شوربة عدس أحمر سريعة التحضير، مع الجزر، الكرفس، والبصل.,20000,vegan,6.0,388.0,19.0,18.0,16.0,43.0,46.0,
364,كبة البطاطا الحلوة,كبة مصنوعة من البطاطا الحلوة المهروسة بدلاً من البرغل، محشوة بالعدس أو الفطر.,23000,vegan,13.0,555.0,21.0,24.0,26.0,76.0,108.0,
365,منسف الأرز الأسمر,النسخة الصحية من المنسف الأردني، حيث يُستخدم الأرز الأسمر ويُطهى لحم الضأن بكمية أقل من الدهون.,15000,vegetarian,11.0,506.0,41.0,6.0,7.0,39.0,26.0,
366,بامية مع الطماطم الطازجة,بامية طازجة مطبوخة بصلصة طماطم، ثوم، وكزبرة، خالية من اللحوم.,18000,vegan,15.0,263.0,16.0,4.0,8.0,32.0,40.0,Tree Nuts
367,كفتة بالطحينة الصحية,كرات كفتة مشوية أو مخبوزة من لحم مفروم قليل الدهن، مطبوخة في صلصة طحينة بالليمون.,22000,vegan,9.0,539.0,18.0,25.0,26.0,75.0,83.0,Tree Nuts
368,محشي كوسا باللبن,كوسا محفورة ومحشوة بلحم مفروم قليل الدهن وأرز، ومطبوخة في صلصة لبن زبادي بالنعناع والثوم.,20000,vegetarian,12.0,932.0,67.0,17.0,15.0,76.0,143.0,Dairy
369,مسقعة الكوسا بالفرن,كوسا مقلية بالفرن مع لحم مفروم ولبن زبادي، مزينة بالصنوبر.,18000,vegan,10.0,917.0,61.0,27.0,19.0,70.0,75.0,
370,بابا غنوج بالزبيب,باذنجان مشوي ومهروس مع الطحينة، الثوم، والليمون، مزين بالزبيب لإضافة لمسة حلوة.,12000,vegan,7.0,510.0,19.0,10.0,6.0,77.0,43.0,
371,سلطة العدس البني بالخضار,سلطة غنية بالبروتين من العدس البني المسلوق، مع الخيار، الطماطم، والبصل.,22000,vegetarian,6.0,236.0,16.0,16.0,2.0,11.0,46.0,Gluten
372,مسقعة الكوسا بالزبادي,كوسا مقلية أو مشوية مطبوخة في صلصة زبادي بالنعناع والثوم.,30000,vegetarian,25.0,593.0,49.0,12.0,7.0,38.0,34.0,
373,مفروكة الفستق الحلبي,طبق حلويات صحي من السميد المحمص ومسحوق الفستق الحلبي، يقدم مع القليل من العسل.,18000,vegan,8.0,349.0,30.0,5.0,8.0,18.0,73.0,
374,يخني الفاصوليا الخضراء,يخنة فاصوليا خضراء وقطع لحم قليل الدهن، مطبوخة بصلصة طماطم.,45000,low_carb,3.0,788.0,29.0,108.0,3.0,21.0,288.0,Tree Nuts
375,مكمورة,طبق فلسطيني من طبقات العجين بالقمح الكامل والدجاج المقطع، مع البصل وزيت الزيتون.,25000,vegetarian,19.0,356.0,17.0,8.0,7.0,48.0,36.0,
376,قوزي لحم صحي,لحم ضأن مطبوخ ببطء مع الأرز الأسمر والمكسرات، بكمية أقل من الدهون.,42000,balanced,3.0,627.0,24.0,67.0,8.0,35.0,195.0,
377,شوربة الفول الأخضر,شوربة من الفول الأخضر الطازج، مطبوخة مع الثوم والليمون والكزبرة.,22000,vegetarian,28.0,200.0,0.0,15.0,5.0,38.0,122.0,Dairy
378,صينية اللحم بالعجين بالسبانخ,عجينة رقيقة من القمح الكامل محشوة بالسبانخ الطازجة والبصل.,28000,vegetarian,8.0,223.0,16.0,5.0,6.0,20.0,24.0,
379,كفتة الدجاج المشوية,كرات كفتة من الدجاج المفروم مع البصل والبقدونس، مشوية على الفحم أو في الفرن.,32000,low_carb,0.0,1562.0,119.0,104.0,5.0,20.0,321.0,
380,سمك مشوي بالخضار,شرائح سمك مشوية مع فلفل ملون، بصل، وطماطم.,48000,balanced,6.0,1221.0,42.0,84.0,9.0,126.0,1249.0,Fish
381,مغلي بالزعتر والمكسرات,طبق حلويات مغلي تقليدي، مزين بالزعتر البري والمكسرات النيئة.,23000,vegetarian,9.0,574.0,40.0,18.0,14.0,41.0,17.0,Dairy
382,مجدّرة الفول الأخضر,طبق من البرغل والفول الأخضر، مزين بالبصل المقلي.,18000,vegan,9.0,475.0,21.0,16.0,14.0,60.0,131.0,
383,مرقة كوسا باللبن,مرقة كوسا محضرة بلبن قليل الدسم، مع قطع من اللحم، والثوم، والكزبرة.,28000,low_carb,0.0,999.0,72.0,67.0,5.0,22.0,214.0,
384,صينية كفتة بالبطاطا,كرات كفتة مشوية مع شرائح بطاطا، مطبوخة في الفرن بصلصة طماطم.,19000,vegan,4.0,443.0,19.0,22.0,18.0,52.0,32.0,
385,قلاية بندورة باللحم,طماطم مقطعة ومطبوخة مع قطع لحم بقري قليل الدهن، ثوم، وفلفل حار.,38000,balanced,14.0,645.0,25.0,36.0,15.0,73.0,107.0,
386,حراق أصبعو,طبق من العدس، المعكرونة، وقطع الخبز المحمص، متبل بالثوم، الكزبرة، ودبس الرمان.,19000,vegetarian,14.0,654.0,57.0,17.0,4.0,22.0,1496.0,
387,صينية دجاج بالخضار,دجاج كامل أو مقطع مطبوخ بالفرن مع البطاطا، الجزر، والكوسا.,21000,vegetarian,19.0,356.0,17.0,8.0,7.0,48.0,36.0,
388,شوربة الدجاج بالكريمة,حساء دافئ من قطع الدجاج الصغيرة، والكريمة قليلة الدسم، مع رشة من البهارات.,35000,low_carb,5.0,665.0,41.0,60.0,10.0,23.0,268.0,
389,فطائر الزعتر بالجبن,فطائر من عجينة القمح الكامل محشوة بالزعتر والجبن قليل الدسم.,19000,balanced,1.0,596.0,19.0,56.0,4.0,53.0,266.0,
390,مجدرة البرغل الخشن,طبق من البرغل الخشن والعدس، مزين بالبصل المقلي.,22000,vegetarian,7.0,975.0,17.0,31.0,11.0,174.0,1693.0,Eggs
391,فتة المكدوس بالفرن,باذنجان محشو باللحم والجوز، مغطى بصلصة لبن بالثوم ومخبوز بالفرن.,12000,vegan,10.0,276.0,17.0,6.0,11.0,29.0,45.0,
392,يخنة الكوسا والزهرة باللحم,يخنة من الكوسا والزهرة مع قطع لحم قليل الدهن.,30000,vegetarian,9.0,574.0,40.0,18.0,14.0,41.0,17.0,Tree Nuts
393,بصارة بالفول الأخضر,فول أخضر مهروس ومطبوخ مع الثوم والكزبرة، يزين بالبصل المقلي.,32000,low_carb,1.0,674.0,31.0,73.0,3.0,24.0,199.0,
394,صينية سبانخ بالدجاج,سبانخ مطبوخة مع قطع دجاج وبصل، مع رشة من الفلفل الأسود والكمون.,21000,vegetarian,12.0,1127.0,32.0,30.0,12.0,179.0,1622.0,
395,قدرة الدجاج الفلسطينية بالخضروات,طبق أرز مطبوخ مع قطع الدجاج، والحمص، والبهارات، مع الخضروات مثل الجزر والبازلاء، مطبوخ في الفرن.,34000,low_carb,0.0,1562.0,119.0,104.0,5.0,20.0,321.0,
396,شوربة عدس بالشعرية,شوربة عدس تقليدية مع إضافة القليل من الشعرية الكاملة.,22000,vegetarian,2.0,673.0,19.0,22.0,16.0,115.0,6.0,
397,فول بالخضروات الملونة,فول مدمس مهروس، متبل بالكمون والليمون، ومزين بالطماطم، الخيار، والفلفل الملون المفروم.,28000,vegetarian,6.0,1146.0,36.0,43.0,26.0,170.0,1134.0,
398,كفتة بالصينية بالخضار,كرات كفتة مشوية أو مخبوزة مع تشكيلة من الخضار الملونة مثل الفلفل والبصل.,18000,vegetarian,9.0,734.0,17.0,29.0,19.0,118.0,557.0,Dairy
399,مجدّرة البرغل الأسمر,طبق نباتي من البرغل الأسمر والعدس، مزين بالبصل المكرمل المقرمش.,19000,vegan,12.0,363.0,26.0,6.0,9.0,36.0,92.0,
400,فريكة بالمكسرات والخضار,حبوب فريكة مطبوخة مع الخضار المشكلة، مثل الفلفل الملون والجزر، مزينة بالمكسرات المحمصة.,20000,vegan,12.0,363.0,26.0,6.0,9.0,36.0,92.0,
401,فطائر السبانخ الصحية,فطائر من العجين الصحي محشوة بالسبانخ الطازجة، البصل، ودبس الرمان.,21000,vegan,9.0,1158.0,100.0,42.0,24.0,44.0,2.0,
402,كوسا بالفرن باللحمة والبصل,كوسا محفورة ومحشوة بلحم مفروم قليل الدهن، مطبوخة في الفرن بصلصة طماطم خفيفة.,32000,vegetarian,9.0,232.0,16.0,5.0,6.0,22.0,27.0,
403,منسف أردني صحي,لحم ضأن مطبوخ ببطء، يقدم على خبز الصاج والأرز الأسمر، مع لبن الجميد قليل الدسم.,27000,vegan,8.0,349.0,30.0,5.0,8.0,18.0,73.0,
404,يخنة الفاصوليا الخضراء بالدجاج,يخنة غنية من الفاصوليا الخضراء مع مكعبات دجاج، مطبوخة بمرق الطماطم.,29000,vegetarian,7.0,510.0,41.0,11.0,10.0,29.0,72.0,Tree Nuts
405,سمك مشوي بالثوم والأعشاب,سمك فيليه مشوي بالفرن، متبل بالثوم، الكزبرة، والشبت.,48000,low_carb,6.0,584.0,25.0,69.0,7.0,20.0,210.0,Fish
406,صيادية الدجاج,طبق أرز أسمر مطبوخ مع قطع دجاج، بصل مقلي، وكمون، يقدم مع سلطة جانبية.,45000,low_carb,5.0,665.0,41.0,60.0,10.0,23.0,268.0,Shellfish
407,سمك مشوي بالثوم والليمون,سمك فيليه مشوي ومتبل بالثوم، الكزبرة، وعصير الليمون، يقدم مع الأرز البني.,42000,balanced,16.0,481.0,5.0,56.0,2.0,53.0,206.0,Fish
408,عدس بحامض بالكزبرة,شوربة عدس أصفر مطبوخة مع الكزبرة الخضراء، الثوم، والليمون.,28000,vegetarian,15.0,690.0,44.0,19.0,14.0,63.0,13.0,Tree Nuts
409,حمص بالبصل الأخضر,حمص مهروس مع الطحينة، الثوم، والليمون، مزين بالبصل الأخضر المفروم.,18000,vegan,17.0,511.0,20.0,20.0,18.0,66.0,99.0,
410,سمك القاروص المشوي بالأعشاب,سمك قاروص طازج مشوي مع مزيج من الأعشاب العربية وزيت الزيتون,45000,balanced,3.0,651.0,26.0,59.0,9.0,46.0,179.0,Fish
411,كباب الدجاج بالزبادي والثوم,قطع دجاج مشوية متبلة بزبادي اليوناني والثوم الطازج,32000,low_carb,0.0,882.0,63.0,75.0,0.0,0.0,216.0,
412,مقلوبة القرنبيط باللحم البقري,قرنبيط بديل للأرز مع لحم بقري قليل الدهن وخضار مشوية,42000,low_carb,0.0,999.0,72.0,67.0,5.0,22.0,214.0,
413,يخنة السبانخ باللحم,يخنة سبانخ وقطع لحم بقري قليلة الدهن، مطبوخة في صلصة طماطم خفيفة.,24000,vegetarian,6.0,366.0,18.0,10.0,6.0,44.0,38.0,Dairy
414,مسقعة الفطر والعدس,طبق نباتي من طبقات الباذنجان والفطر والعدس، مطبوخة في صلصة طماطم غنية بالبهارات.,20000,vegan,5.0,326.0,15.0,9.0,12.0,42.0,30.0,Tree Nuts
415,فلافل بالخضار الطازجة,أقراص فلافل مخبوزة بالفرن بدلاً من القلي، تقدم في خبز بيتا من القمح الكامل مع الخس، الطماطم، والطحينة.,28000,vegan,9.0,475.0,21.0,16.0,14.0,60.0,131.0,
416,كباب الدجاج بالزبادي,كباب دجاج متبل بالزبادي والبهارات، مشوي حتى يصبح طريًا، يقدم مع سلطة الخضار.,30000,vegetarian,10.0,621.0,23.0,26.0,23.0,83.0,79.0,
417,سلطة الزهرة المشوية بالطحينة,زهرة (قرنبيط) مشوية بالفرن، تقدم مع صلصة طحينة، بقدونس، وصنوبر محمص.,26000,vegetarian,12.0,1127.0,32.0,30.0,12.0,179.0,1622.0,Dairy
418,مغربية بالدجاج,طبق من الكسكس المغربي المطبوخ مع قطع الدجاج، الجزر، والقرع.,34000,low_carb,3.0,777.0,29.0,107.0,2.0,19.0,288.0,Gluten
419,شوربة الحريرة المغربية,شوربة غنية ومغذية من الحمص، العدس، الطماطم، والكرفس، متبلة بالبهارات الدافئة.,22000,vegan,9.0,78.0,0.0,3.0,3.0,18.0,11.0,
420,شاورما الدجاج بالخبز الأسمر,شرائح دجاج مشوية مع الثوم وصلصة الطحينة، تقدم في خبز بيتا من القمح الكامل.,32000,balanced,14.0,645.0,25.0,36.0,15.0,73.0,107.0,Gluten
421,بامية باللحم الخالي من الدهون,بامية مطبوخة مع قطع لحم بقري قليل الدهن في صلصة طماطم وثوم.,25000,vegetarian,24.0,172.0,1.0,14.0,4.0,30.0,117.0,
422,عدس بحامض بالبطاطا,شوربة عدس أصفر مطبوخة مع مكعبات بطاطا، ثوم، وكزبرة، متبلة بالليمون.,19000,vegan,9.0,475.0,21.0,16.0,14.0,60.0,131.0,
423,حمص باللحمة المفرومة,حمص بطحينة يعلوه لحم مفروم قليل الدهن مطبوخ مع البصل والصنوبر.,48000,balanced,5.0,1237.0,61.0,77.0,6.0,94.0,1016.0,Shellfish
424,فتة المكدوس,طبق من الباذنجان المحشو بالجوز، فوق خبز محمص ولبن زبادي، مزين بالصنوبر والزيتون.,20000,vegan,6.0,574.0,33.0,20.0,20.0,55.0,12.0,
425,فول بالطحينة والليمون,فول مدمس مهروس مع الطحينة، الثوم، وعصير الليمون، طبق إفطار صحي.,17000,vegan,11.0,70.0,0.0,1.0,1.0,18.0,8.0,
426,قوزي الدجاج الصحي,دجاج مشوي محشو بالأرز الأسمر والمكسرات، طبق عراقي تقليدي صحي.,36000,balanced,3.0,764.0,20.0,81.0,4.0,68.0,389.0,
427,مجدرة البرغل الأسمر,طبق نباتي من البرغل الأسمر والعدس، مزين بالبصل المقلي.,23000,vegan,9.0,475.0,21.0,16.0,14.0,60.0,131.0,Tree Nuts
428,كبة باللبن المخبوزة,كبة لحم وبرغل مخبوزة بدلاً من القلي، مطبوخة في صلصة لبن زبادي مع الثوم.,32000,vegetarian,6.0,685.0,42.0,14.0,8.0,68.0,1281.0,
429,مرقة باميا بالفريكة,يخنة بامية وقطع لحم مطبوخة في صلصة طماطم غنية، تقدم مع حبوب الفريكة.,22000,vegetarian,7.0,510.0,41.0,11.0,10.0,29.0,72.0,
430,بصارة,فول مدمس مهروس مع الثوم والكزبرة، يزين بالبصل المقلي والزيت.,25000,vegetarian,6.0,1146.0,36.0,43.0,26.0,170.0,1134.0,Gluten
431,سمك بالفرن بالليمون والأعشاب,سمك فيليه بالفرن مع شرائح الليمون، الثوم، وإكليل الجبل.,38000,balanced,10.0,259.0,16.0,8.0,9.0,26.0,138.0,Fish
432,قرنبيط باللحمة والصنوبر,قرنبيط مقلي أو مشوي مع لحم مفروم قليل الدهن وصنوبر محمص.,42000,low_carb,0.0,999.0,72.0,67.0,5.0,22.0,214.0,Shellfish
433,كوسا باللبن والكزبرة,كوسا محشوة بالأرز واللحم المفروم، مطبوخة بصوص لبن زبادي وثوم.,18000,vegetarian,1.0,272.0,15.0,4.0,8.0,31.0,110.0,
434,مندي الدجاج الصحي,دجاج متبل ببهارات المندي ومشوي بالفرن، يقدم مع أرز المندي المطبوخ بمرق الدجاج.,25000,vegetarian,3.0,406.0,20.0,15.0,9.0,51.0,43.0,
435,كبة البطاطا المقلية,كبة مصنوعة من البطاطا المهروسة بدلاً من البرغل، محشوة باللحم المفروم والبصل.,25000,vegetarian,7.0,268.0,19.0,7.0,5.0,25.0,49.0,
436,فتة الملوخية,طبق من الملوخية المطبوخة، فوقها خبز محمص وشرائح دجاج مشوية.,18000,vegan,17.0,705.0,43.0,29.0,24.0,64.0,33.0,Eggs
437,مجدرة الأرز البني,طبق من الأرز البني والعدس، مزين بالبصل المكرمل.,20000,vegan,9.0,78.0,0.0,3.0,3.0,18.0,11.0,Dairy
438,قلاية لحم بالبصل,قطع لحم قليلة الدهن مطبوخة مع البصل والطماطم والبهارات، طبق سريع وصحي.,36000,low_carb,5.0,1083.0,27.0,37.0,10.0,171.0,2245.0,
439,شوربة الدجاج بالخضار,شوربة دجاج دافئة وغنية بالخضار مثل الجزر والكوسا والبطاطا.,38000,balanced,0.0,495.0,11.0,93.0,0.0,0.0,222.0,
440,مغلي,طبق حلويات من الأرز، القرفة، والكراوية، يزين بالمكسرات.,30000,vegetarian,7.0,316.0,15.0,6.0,4.0,39.0,13.0,Tree Nuts
441,فتة باذنجان بالفرن,باذنجان مشوي في الفرن، فوقه خبز محمص وصلصة لبن بالثوم.,19000,vegan,9.0,539.0,18.0,25.0,26.0,75.0,83.0,
442,شوربة الدجاج بالخضار والنعناع,حساء دجاج صحي مع الخضار المشكلة، مع إضافة لمسة من النعناع الطازج.,17000,vegan,17.0,511.0,20.0,20.0,18.0,66.0,99.0,
443,يخنة الكوسا بالدجاج,يخنة كوسا ودجاج مطبوخة بصلصة الطماطم الغنية بالبهارات.,22000,vegetarian,6.0,685.0,42.0,14.0,8.0,68.0,1281.0,Tree Nuts
444,سمك مشوي بالثوم والفلفل,سمك فيليه مشوي مع الثوم، شرائح الفلفل الحار، وعصير الليمون.,25000,low_carb,10.0,1294.0,101.0,70.0,15.0,37.0,261.0,Dairy
445,شوربة عدس بالشعير,شوربة عدس تقليدية مع إضافة القليل من حبوب الشعير الكاملة.,18000,vegetarian,5.0,868.0,34.0,26.0,23.0,126.0,79.0,
446,كشري صحي,طبق مصري من الأرز البني، العدس، والمعكرونة المصنوعة من القمح الكامل، مغطى بصلصة الطماطم الخفيفة والبصل المقلي.,28000,vegan,4.0,421.0,19.0,21.0,18.0,47.0,29.0,
447,مقلوبة الدجاج بالباذنجان والزهرة,طبق أرز مطبوخ مع طبقات من الباذنجان والزهرة المشوية، وقطع الدجاج، مع بهارات المقلوبة.,30000,vegetarian,6.0,449.0,31.0,7.0,11.0,41.0,16.0,Dairy
448,مجدّرة البرغل الأسمر,طبق نباتي من البرغل الأسمر والعدس، مزين بالبصل المقلي المقرمش.,26000,vegan,11.0,267.0,15.0,7.0,8.0,30.0,25.0,Tree Nuts
449,مجدرة الأرز البني,طبق من الأرز البني والعدس، مزين بالبصل المكرمل.,19000,vegan,8.0,237.0,15.0,6.0,7.0,23.0,19.0,
450,شيش طاووق مشوي,أسياخ من مكعبات الدجاج المتبلة بالزبادي والليمون والثوم، مشوية وتقدم مع الخضروات.,21000,vegan,4.0,419.0,19.0,19.0,17.0,47.0,35.0,Tree Nuts
451,شوربة الدجاج بالخضار والنعناع,حساء دجاج صحي مع الخضار المشكلة، مع إضافة لمسة من النعناع الطازج.,23000,balanced,0.0,438.0,23.0,51.0,2.0,9.0,252.0,
452,يخنة الكوسا بالدجاج,يخنة كوسا ودجاج مطبوخة بصلصة الطماطم الغنية بالبهارات.,32000,vegetarian,6.0,1146.0,36.0,43.0,26.0,170.0,1134.0,
453,سمك مشوي بالثوم والفلفل,سمك فيليه مشوي مع الثوم، شرائح الفلفل الحار، وعصير الليمون.,27000,vegan,9.0,78.0,0.0,3.0,3.0,18.0,11.0,
454,فتة باذنجان بالفرن,باذنجان مشوي في الفرن، فوقه خبز محمص وصلصة لبن بالثوم.,29000,vegetarian,5.0,300.0,15.0,4.0,4.0,37.0,15.0,Tree Nuts
455,شوربة عدس بالشعير,شوربة عدس تقليدية مع إضافة القليل من حبوب الشعير الكاملة.,48000,low_carb,0.0,1071.0,81.0,78.0,2.0,7.0,241.0,Fish
456,قلاية لحم بالبصل,قطع لحم قليلة الدهن مطبوخة مع البصل والطماطم والبهارات، طبق سريع وصحي.,45000,low_carb,10.0,1294.0,101.0,70.0,15.0,37.0,261.0,Shellfish
457,شوربة القرع بالكركم وحليب جوز الهند,قرع عضوي مع كركم طازج وحليب جوز الهند الخفيف,20000,vegan,5.0,326.0,15.0,9.0,12.0,42.0,30.0,Tree Nuts
458,كبّة البطاطا الحلوة والبرغل,كبّة صحية من البطاطا الحلوة والبرغل الكامل,30000,vegetarian,10.0,378.0,30.0,5.0,8.0,26.0,14.0,
